
INSERT INTO alliances (alliance_id, alliance_name, alliance_ticker, inserted_dt, updated_dt) VALUES
	(99000739, 'Of Sound Mind', 'SOUND', '2019-09-12 02:03:28.987024+00:00', '2019-09-12 02:03:28.987026+00:00'),
	(99001081, 'The Revenant Order', '-REV-', '2019-11-15 23:29:58.525068+00:00', '2019-11-15 23:29:58.52507+00:00'),
	(99001099, 'The Watchmen.', 'TW', '2020-07-24 15:56:14.546132+00:00', '2020-07-24 15:56:14.546135+00:00'),
	(99001634, 'Villore Accords', 'GMVA', '2020-03-28 20:03:25.209249+00:00', '2020-03-28 20:03:25.209252+00:00'),
	(99001742, 'Templis CALSF', 'CALSF', '2018-04-12 06:15:46+00:00', '2018-04-12 06:15:46+00:00'),
	(99002217, e'The Devil\'s Tattoo', 'R1DER', '2018-01-17 16:09:38+00:00', '2018-01-17 16:09:38+00:00'),
	(99002302, 'End of Life', '-ZZZ-', '2018-04-25 10:41:09+00:00', '2018-04-25 10:41:09+00:00'),
	(99002367, 'Evictus.', 'IOU', '2020-01-16 19:32:59.782195+00:00', '2020-01-16 19:32:59.782197+00:00'),
	(99002775, 'CODE.', 'CODE.', '2018-04-26 18:56:39+00:00', '2018-04-26 18:56:39+00:00'),
	(99002826, 'KIA Alliance', 'KIA', '2019-09-03 17:28:07.95512+00:00', '2019-09-03 17:28:07.955121+00:00'),
	(99002938, 'DARKNESS.', 'DARK.', '2018-03-29 23:17:25+00:00', '2018-03-29 23:17:25+00:00'),
	(99003144, 'Scary Wormhole People', 'WHBOO', '2017-11-25 02:44:11+00:00', '2017-11-25 02:44:11+00:00'),
	(99003214, 'Brave Collective', 'BRAVE', '2018-02-28 09:15:12+00:00', '2018-02-28 09:15:12+00:00'),
	(99003581, 'Fraternity.', 'FRT', '2019-10-07 06:46:43.231778+00:00', '2019-10-07 06:46:43.231779+00:00'),
	(99003739, 'AddictClan', 'ADCT', '2019-09-16 14:08:46.468024+00:00', '2019-09-16 14:08:46.468026+00:00'),
	(99003918, 'Almost Broken', 'FLEET', '2020-04-29 13:05:45.190095+00:00', '2020-04-29 13:05:45.190097+00:00'),
	(99004013, e'Odin\'s Call', 'ODIN', '2019-09-03 17:29:47.644158+00:00', '2019-09-03 17:29:47.644159+00:00'),
	(99004295, 'A Band Apart.', '-ABA-', '2019-12-20 20:14:12.533253+00:00', '2019-12-20 20:14:12.533256+00:00'),
	(99004357, 'The Tuskers Co.', 'TUSK.', '2019-11-08 22:13:31.396953+00:00', '2019-11-08 22:13:31.396956+00:00'),
	(99004425, 'The Bastion', 'BASTN', '2018-04-17 11:58:01+00:00', '2018-04-17 11:58:01+00:00'),
	(99004804, 'DarkSide.', '.-D-.', '2020-08-06 18:49:26.455828+00:00', '2020-08-06 18:49:26.45583+00:00'),
	(99004901, 'Snuffed Out', 'B B C', '2017-12-31 04:51:52+00:00', '2017-12-31 04:51:52+00:00'),
	(99005178, 'Domain Research and Mining Inst.', 'ART0N', '2020-09-16 01:54:55.88186+00:00', '2020-09-16 01:54:55.881863+00:00'),
	(99005338, 'Pandemic Horde', 'REKTD', '2018-02-18 08:29:16+00:00', '2018-02-18 08:29:16+00:00'),
	(99005476, 'Singularity Syndicate', 'SYNDE', '2020-01-16 19:34:04.089193+00:00', '2020-01-16 19:34:04.089194+00:00'),
	(99005627, 'No Forks Given', 'SPORK', '2019-09-12 02:02:16.577953+00:00', '2019-09-12 02:02:16.577954+00:00'),
	(99005731, 'Holesale Operations', 'HOLES', '2019-09-12 02:02:33.893148+00:00', '2019-09-12 02:02:33.89315+00:00'),
	(99005738, 'AEGIS Assembly', 'AEGAS', '2020-01-16 19:32:56.346056+00:00', '2020-01-16 19:32:56.346057+00:00'),
	(99005824, 'TAPAKAH ALLIANCE', 'TAPAH', '2020-04-02 21:38:55.172378+00:00', '2020-04-02 21:38:55.172381+00:00'),
	(99005839, 'WE FORM V0LTA', 'GLHF', '2019-09-16 14:16:26.082901+00:00', '2019-09-16 14:16:26.082903+00:00'),
	(99006117, 'Ember Sands', 'EMBR.', '2018-02-27 23:15:04+00:00', '2018-02-27 23:15:04+00:00'),
	(99006287, 'Urukian Collective', 'URKC', '2020-09-27 17:43:30.656328+00:00', '2020-09-27 17:43:30.65633+00:00'),
	(99006343, 'Lord of Worlds Alliance', 'LORDE', '2020-02-11 13:32:46.814338+00:00', '2020-02-11 13:32:46.81434+00:00'),
	(99006384, 'Infensus', 'DUTCH', '2020-04-04 20:20:50.56764+00:00', '2020-04-04 20:20:50.567641+00:00'),
	(99006411, 'NullSechnaya Sholupen', '-NSH-', '2020-03-15 02:41:09.169159+00:00', '2020-03-15 02:41:09.169162+00:00'),
	(99006438, 'Digital Vendetta', 'DIVE', '2018-02-25 03:08:26+00:00', '2018-02-25 03:08:26+00:00'),
	(99006505, 'Shattered Foundations', 'JSIG', '2019-09-03 17:29:08.04671+00:00', '2019-09-03 17:29:08.046711+00:00'),
	(99006534, 'Panic Attack.', 'S4UCE', '2018-04-03 02:57:24+00:00', '2018-04-03 02:57:24+00:00'),
	(99006650, 'The Society For Unethical Treatment Of Sleepers', 'GETIN', '2018-04-10 20:55:04+00:00', '2018-04-10 20:55:04+00:00'),
	(99006690, 'Mouth Trumpet Cavalry', 'MCAV', '2019-09-16 14:16:28.505758+00:00', '2019-09-16 14:16:28.50576+00:00'),
	(99006833, 'Clouds Of War', 'COW', '2020-06-22 20:02:39.910169+00:00', '2020-06-22 20:02:39.910172+00:00'),
	(99006917, e'It Burns When I\'m PvPing', 'FETID', '2018-03-20 20:52:13+00:00', '2018-03-20 20:52:13+00:00'),
	(99006961, 'B.E.N.E.V.O.L.E.N.C.E', 'BVE', '2018-02-27 22:19:38+00:00', '2018-02-27 22:19:38+00:00'),
	(99007005, 'United Neopian Federation', 'UNF-A', '2020-01-16 19:34:17.37277+00:00', '2020-01-16 19:34:17.372771+00:00'),
	(99007044, 'Rate My Ticks', 'WERMT', '2018-02-27 22:24:42+00:00', '2018-02-27 22:24:42+00:00'),
	(99007070, 'IChooseYou Holdings', 'ICY-H', '2018-04-19 06:59:27+00:00', '2018-04-19 06:59:27+00:00'),
	(99007080, 'Tribes of Poitot', 'P.TOT', '2020-04-13 20:06:00.893798+00:00', '2020-04-13 20:06:00.893799+00:00'),
	(99007101, 'CeskoSlovenska Aliance', 'CSALI', '2020-06-12 13:03:21.215281+00:00', '2020-06-12 13:03:21.215284+00:00'),
	(99007203, 'Siberian Squads', 'SB-SQ', '2019-09-14 11:13:16.36891+00:00', '2019-09-14 11:13:16.368912+00:00'),
	(99007284, 'United Federation of Conifers', '.UFC.', '2019-12-05 02:53:22.354888+00:00', '2019-12-05 02:53:22.35489+00:00'),
	(99007289, 'Federation Uprising', 'FEDUP', '2020-02-13 03:53:05.638605+00:00', '2020-02-13 03:53:05.638607+00:00'),
	(99007391, 'Federation of Respect Honor Passion Alliance.', '.RHP', '2019-10-29 14:28:47.775594+00:00', '2019-10-29 14:28:47.775596+00:00'),
	(99007415, 'Wormhole Society', 'WHSOC', '2019-09-16 21:47:13.120599+00:00', '2019-09-16 21:47:13.120601+00:00'),
	(99007539, 'Two Maidens One Chalice', 'TMOCC', '2020-04-13 20:06:41.907757+00:00', '2020-04-13 20:06:41.907759+00:00'),
	(99007599, 'Rogue Caldari Union', 'CURB', '2019-09-16 21:47:12.505852+00:00', '2019-09-16 21:47:12.505854+00:00'),
	(99007716, 'The Rogue Consortium', 'T.R.C', '2019-11-16 08:13:05.019494+00:00', '2019-11-16 08:13:05.019496+00:00'),
	(99007753, 'Parasitic Legion.', '-10.', '2020-02-13 05:15:24.898486+00:00', '2020-02-13 05:15:24.898489+00:00'),
	(99007828, 'Wrong Hole.', '4BOB', '2020-01-16 19:33:22.222362+00:00', '2020-01-16 19:33:22.222363+00:00'),
	(99007887, 'Brotherhood of Spacers', 'B0SS', '2020-04-09 10:14:22.027577+00:00', '2020-04-09 10:14:22.027578+00:00'),
	(99007916, 'French ConneXion.', 'FXR', '2020-06-06 17:05:23.833213+00:00', '2020-06-06 17:05:23.833215+00:00'),
	(99007973, 'Politically Correct Legion', 'SJVV', '2019-09-03 17:28:03.865137+00:00', '2019-09-03 17:28:03.865138+00:00'),
	(99007982, 'The Felines of the Egg of the Lisa', 'PETUH', '2018-03-29 23:17:24+00:00', '2018-03-29 23:17:24+00:00'),
	(99008060, 'Guillotine Syndicate', 'GS', '2018-05-01 21:37:33+00:00', '2018-05-01 21:37:33+00:00'),
	(99008124, 'Intrepid Heroes', 'HER0S', '2019-10-07 06:46:34.671986+00:00', '2019-10-07 06:46:34.671988+00:00'),
	(99008159, 'Parental Control Advised', 'PCA', '2018-04-04 04:19:10+00:00', '2018-04-04 04:19:10+00:00'),
	(99008160, 'Forfeiture', '4FEIT', '2018-03-26 07:01:44+00:00', '2018-03-26 07:01:44+00:00'),
	(99008228, 'Pan-Intergalatic Business Community', 'GLD4U', '2020-10-01 01:49:55.496985+00:00', '2020-10-01 01:49:55.496988+00:00'),
	(99008268, 'Need to Control', 'NTC', '2018-05-04 01:07:32+00:00', '2018-05-04 01:07:32+00:00'),
	(99008287, 'The Fallen Suns Alliance', 'TFSA', '2018-05-14 06:02:12+00:00', '2018-05-14 06:02:12+00:00'),
	(99008301, 'Beanstalk Inc.', 'BNSTK', '2020-08-07 06:49:36.351561+00:00', '2020-08-07 06:49:36.351563+00:00'),
	(99008425, 'Intergalactic Space Hobos', '.BUMS', '2019-09-14 11:12:24.698076+00:00', '2019-09-14 11:12:24.698078+00:00'),
	(99008459, 'Hog Hitmen', 'HTMEN', '2019-11-24 04:12:20.068512+00:00', '2019-11-24 04:12:20.068515+00:00'),
	(99008666, 'F O R M I C I D A E', 'ANTZ', '2019-09-03 17:27:57.612143+00:00', '2019-09-03 17:27:57.612144+00:00'),
	(99008701, 'New Jovian Collective', 'JOVCO', '2019-09-03 17:27:58.911083+00:00', '2019-09-03 17:27:58.911084+00:00'),
	(99008816, 'Khimi Harar', 'LUMEN', '2020-05-28 05:05:38.810765+00:00', '2020-05-28 05:05:38.810768+00:00'),
	(99008823, 'ISK.Enterprises', 'ISK.', '2020-05-23 06:05:52.717657+00:00', '2020-05-23 06:05:52.717661+00:00'),
	(99008973, 'Ronins', 'RONIN', '2019-10-29 19:23:47.471113+00:00', '2019-10-29 19:23:47.471116+00:00'),
	(99009002, '0 Phux Given', '-9999', '2019-09-03 17:28:48.981012+00:00', '2019-09-03 17:28:48.981014+00:00'),
	(99009035, 'Hostile Intervention', '.HIV.', '2019-09-16 14:08:13.560912+00:00', '2019-09-16 14:08:13.560914+00:00'),
	(99009042, 'Ashes of Exploration', 'AOE', '2020-04-20 01:15:53.985087+00:00', '2020-04-20 01:15:53.98509+00:00'),
	(99009104, 'VINDICTIVE', 'VINDI', '2020-08-15 11:15:12.4405+00:00', '2020-08-15 11:15:12.440503+00:00'),
	(99009114, 'K R Y P T E D', 'KG', '2020-09-14 03:50:19.115228+00:00', '2020-09-14 03:50:19.115231+00:00'),
	(99009133, 'Entropic Collective', 'FLOW', '2019-09-12 09:43:46.403964+00:00', '2019-09-12 09:43:46.403966+00:00'),
	(99009138, 'Marine Division', 'MARIN', '2020-05-16 18:50:19.710277+00:00', '2020-05-16 18:50:19.710279+00:00'),
	(99009201, 'Hogs Collective', 'HC', '2019-11-19 00:12:17.232996+00:00', '2019-11-19 00:12:17.232999+00:00'),
	(99009213, 'Nightmare Alliance', 'NIGHT', '2020-02-01 18:01:17.066867+00:00', '2020-02-01 18:01:17.066868+00:00'),
	(99009216, 'The Rogue University', 'T.R.U', '2020-05-15 22:05:26.785209+00:00', '2020-05-15 22:05:26.785211+00:00'),
	(99009221, 'Trigger Happy.', 'TRIGG', '2019-09-03 17:28:05.77584+00:00', '2019-09-03 17:28:05.775841+00:00'),
	(99009268, 'Silent Company', 'SICO', '2020-04-04 02:04:52.524903+00:00', '2020-04-04 02:04:52.524906+00:00'),
	(99009271, 'Warclone Initiative', 'WINIT', '2020-01-16 19:33:52.468352+00:00', '2020-01-16 19:33:52.468353+00:00'),
	(99009287, 'Beyond the Breach', 'RIFT-', '2020-10-07 12:39:00.789319+00:00', '2020-10-07 12:39:00.78932+00:00'),
	(99009289, 'Reckless Contingency.', 'RECON', '2019-10-11 21:47:01.357139+00:00', '2019-10-11 21:47:01.357142+00:00'),
	(99009317, 'Dread Knights', 'DREAD', '2020-03-16 16:41:25.01407+00:00', '2020-03-16 16:41:25.014072+00:00'),
	(99009321, 'Outfoxed', 'F O X', '2019-09-03 17:28:01.9471+00:00', '2019-09-03 17:28:01.947102+00:00'),
	(99009359, 'Aggressively Average', 'OHSHT', '2019-09-08 02:27:58.419376+00:00', '2019-09-08 02:27:58.419378+00:00'),
	(99009405, 'Total Eclipse.', 'TE', '2020-04-06 20:20:31.902713+00:00', '2020-04-06 20:20:31.902716+00:00'),
	(99009406, 'Hardly Competent', '-HC-', '2019-11-28 09:11:28.4637+00:00', '2019-11-28 09:11:28.463702+00:00'),
	(99009415, 'Shepherds', 'SHEPS', '2019-09-14 11:12:25.966395+00:00', '2019-09-14 11:12:25.966396+00:00'),
	(99009430, 'Knights of Triglav', 'KNI3', '2020-04-26 04:47:57.400652+00:00', '2020-04-26 04:47:57.400654+00:00'),
	(99009475, 'Hell Dawn', 'H.L.D', '2020-06-18 13:02:46.702608+00:00', '2020-06-18 13:02:46.702609+00:00');

INSERT INTO alliances (alliance_id, alliance_name, alliance_ticker, inserted_dt, updated_dt) VALUES
	(99009480, 'Miners Coalition', 'MINER', '2020-04-14 10:05:40.001712+00:00', '2020-04-14 10:05:40.001715+00:00'),
	(99009486, e'Dude Where\'s My Alliance', 'DWA', '2019-12-04 21:26:33.204766+00:00', '2019-12-04 21:26:33.20477+00:00'),
	(99009511, 'Unchained Alliance', 'UNCHA', '2020-06-12 13:02:58.725268+00:00', '2020-06-12 13:02:58.72527+00:00'),
	(99009584, 'Dock Workers', 'DOCK-', '2020-01-30 22:33:03.280828+00:00', '2020-01-30 22:33:03.28083+00:00'),
	(99009651, 'Herd.', 'BAAH', '2020-07-01 22:46:25.37901+00:00', '2020-07-01 22:46:25.379013+00:00'),
	(99009662, 'Last Republic', 'LAST', '2020-08-30 02:14:49.121726+00:00', '2020-08-30 02:14:49.121729+00:00'),
	(99009669, 'Escape Velocity.', '11.2', '2020-08-01 13:16:17.607616+00:00', '2020-08-01 13:16:17.607618+00:00'),
	(99009688, 'Monsters Reborn', 'M-R', '2020-03-20 21:49:09.718345+00:00', '2020-03-20 21:49:09.718347+00:00'),
	(99009689, 'Federated Alliance of Mafias', 'FAM', '2020-03-05 06:37:53.492159+00:00', '2020-03-05 06:37:53.492161+00:00'),
	(99009693, 'Convocation of Empyreans', 'CE', '2020-01-16 19:32:40.027799+00:00', '2020-01-16 19:32:40.027801+00:00'),
	(99009716, 'The Commonwealth.', 'CMWTH', '2020-03-20 20:36:41.422646+00:00', '2020-03-20 20:36:41.422648+00:00'),
	(99009740, 'Dangerous Intentions', 'DGI', '2020-02-20 04:11:14.851123+00:00', '2020-02-20 04:11:14.851126+00:00'),
	(99009755, 'Trident Alliance', '---E', '2020-02-09 00:32:47.456285+00:00', '2020-02-09 00:32:47.456288+00:00'),
	(99009756, 'Vulkaran Coalition', 'VULKC', '2020-02-09 16:32:47.511339+00:00', '2020-02-09 16:32:47.511341+00:00'),
	(99009814, 'Explorers Academy Group', 'E-A-G', '2020-03-04 20:38:06.119639+00:00', '2020-03-04 20:38:06.119642+00:00'),
	(99009818, 'The Rogue Mercenaries', 'T.R.M', '2020-05-15 22:05:42.084267+00:00', '2020-05-15 22:05:42.084269+00:00'),
	(99009825, 'Words Put Together', '.WORD', '2020-03-08 21:38:02.589606+00:00', '2020-03-08 21:38:02.589608+00:00'),
	(99009829, 'Freight Train Diplomacy', 'BOOM', '2020-06-19 05:02:20.269179+00:00', '2020-06-19 05:02:20.26918+00:00'),
	(99009843, 'Prismatic Legion', 'PRISM', '2020-09-11 19:50:31.295218+00:00', '2020-09-11 19:50:31.295221+00:00'),
	(99009845, 'Sedition.', 'SEDIT', '2020-05-25 17:05:24.360747+00:00', '2020-05-25 17:05:24.36075+00:00'),
	(99009856, 'Ghostbirds', 'GBRD.', '2020-03-22 14:49:06.500439+00:00', '2020-03-22 14:49:06.500441+00:00'),
	(99009878, 'The Invictus Allaince', 'TITE', '2020-03-31 02:49:01.194146+00:00', '2020-03-31 02:49:01.194148+00:00'),
	(99009928, 'Quantum Inquisition', 'QUINQ', '2020-04-17 04:05:20.523517+00:00', '2020-04-17 04:05:20.523519+00:00'),
	(99009937, 'I Will End Your Hole....', 'STFU.', '2020-04-23 01:05:25.944673+00:00', '2020-04-23 01:05:25.944675+00:00'),
	(99009975, 'Carpatian Space', 'CPTRS', '2020-06-13 08:02:46.784841+00:00', '2020-06-13 08:02:46.784844+00:00'),
	(99009990, 'United Caldari Space Command.', 'UCSC', '2020-07-10 17:46:07.918893+00:00', '2020-07-10 17:46:07.918896+00:00'),
	(99009991, 'Intaki-Business Logistics Union', 'I-BLU', '2020-05-14 23:05:37.555301+00:00', '2020-05-14 23:05:37.555303+00:00'),
	(99010016, 'NINE PIECES OF EIGHT', 'NORUM', '2020-06-27 22:46:49.566487+00:00', '2020-06-27 22:46:49.566489+00:00'),
	(99010021, 'Entropic Thunder', 'FKSTK', '2020-05-27 05:05:32.743877+00:00', '2020-05-27 05:05:32.743881+00:00'),
	(99010027, 'The Kollective', 'KLCT', '2020-05-30 05:05:39.41059+00:00', '2020-05-30 05:05:39.410594+00:00'),
	(99010030, 'Karmunism Kollective', 'KARMA', '2020-05-31 21:05:38.309024+00:00', '2020-05-31 21:05:38.309025+00:00'),
	(99010037, 'Ex Cineres bonum Faustum', 'XCBF', '2020-07-22 21:18:54.215982+00:00', '2020-07-22 21:18:54.215985+00:00'),
	(99010047, 'Interstellar Triglavian Collective', 'ITC', '2020-09-01 21:14:23.359075+00:00', '2020-09-01 21:14:23.359077+00:00'),
	(99010074, 'Anarchist Convergence', 'ANARC', '2020-06-23 17:02:56.538862+00:00', '2020-06-23 17:02:56.538865+00:00'),
	(99010117, 'Big Willy Havers', '.BDE.', '2020-07-09 00:46:14.492056+00:00', '2020-07-09 00:46:14.492059+00:00'),
	(99010122, 'Down Under Syndrome', 'OZLAD', '2020-07-11 05:45:58.632211+00:00', '2020-07-11 05:45:58.632213+00:00'),
	(99010132, 'G0Z1LLA', 'ZILLA', '2020-10-06 00:49:55.183567+00:00', '2020-10-06 00:49:55.183569+00:00'),
	(99010140, 'Stribog Clade', 'TRIAL', '2020-07-15 10:46:21.962542+00:00', '2020-07-15 10:46:21.962544+00:00'),
	(99010155, 'Greater Solitude Commonwealth', 'GSC', '2020-07-23 19:56:03.480619+00:00', '2020-07-23 19:56:03.480622+00:00'),
	(99010204, 'Knights of Vulkara', 'K.O.V', '2020-09-18 17:06:02.996389+00:00', '2020-09-18 17:06:02.99639+00:00'),
	(99010248, 'Round Table Assembly', '-514-', '2020-08-24 19:14:30.555289+00:00', '2020-08-24 19:14:30.555293+00:00'),
	(99010265, 'Blue Loot Not Included', 'BLNI', '2020-09-02 19:14:14.158283+00:00', '2020-09-02 19:14:14.158286+00:00'),
	(99010285, 'Entropic Thunder', 'FKSTK', '2020-09-11 19:49:53.22377+00:00', '2020-09-11 19:49:53.223773+00:00'),
	(99010305, 'Dark Side of the Eclipse', '-DSE-', '2020-09-16 18:49:29.429825+00:00', '2020-09-16 18:49:29.429829+00:00'),
	(99010332, 'Angry Raccoons', 'COONS', '2020-10-07 12:39:16.469847+00:00', '2020-10-07 12:39:16.46985+00:00'),
	(150097440, 'Get Off My Lawn', 'LAWN', '2020-05-05 03:05:18.885796+00:00', '2020-05-05 03:05:18.885798+00:00'),
	(154104258, 'Apocalypse Now.', 'APOC', '2020-04-07 02:20:41.616772+00:00', '2020-04-07 02:20:41.616774+00:00'),
	(288377808, 'Against ALL Authorities', '.-A-.', '2020-09-28 13:50:08.057004+00:00', '2020-09-28 13:50:08.057006+00:00'),
	(386292982, 'Pandemic Legion', '-10.0', '2019-09-03 17:28:02.985444+00:00', '2019-09-03 17:28:02.985445+00:00'),
	(495729389, 'Shadow Cartel', 'SHDWC', '2020-04-09 02:14:20.458506+00:00', '2020-04-09 02:14:20.458507+00:00'),
	(498125261, 'Test Alliance Please Ignore', 'TEST', '2017-11-21 05:28:49+00:00', '2017-11-21 05:28:49+00:00'),
	(499005583, 'Initiative Mercenaries', 'IM', '2020-04-20 23:05:44.867178+00:00', '2020-04-20 23:05:44.867181+00:00'),
	(534416112, 'Primary.', 'WEH8U', '2020-05-27 23:05:45.005665+00:00', '2020-05-27 23:05:45.005666+00:00'),
	(557004256, 'ROMANIAN-LEGION', 'ATAK', '2020-08-01 13:15:53.742308+00:00', '2020-08-01 13:15:53.742311+00:00'),
	(701459600, 'Electus Matari', '-EM-', '2020-01-16 19:33:21.221205+00:00', '2020-01-16 19:33:21.221206+00:00'),
	(741557221, 'RAZOR Alliance', '-RZR-', '2020-10-01 22:49:52.96716+00:00', '2020-10-01 22:49:52.967163+00:00'),
	(927292903, 'Rote Kapelle', 'STUGH', '2020-01-16 19:33:44.843002+00:00', '2020-01-16 19:33:44.843004+00:00'),
	(933731581, 'Triumvirate.', 'TRI', '2018-05-14 11:46:23+00:00', '2018-05-14 11:46:23+00:00'),
	(937872513, 'Ivy League', 'IVY', '2018-02-25 00:19:45+00:00', '2018-02-25 00:19:45+00:00'),
	(982284363, 'Sev3rance', '-7-', '2018-02-12 01:54:41+00:00', '2018-02-12 01:54:41+00:00'),
	(1042504553, 'Solyaris Chtonium', 'SLYCE', '2019-09-03 17:28:25.910148+00:00', '2019-09-03 17:28:25.91015+00:00'),
	(1220922756, 'Red Alliance', 'RED', '2020-02-28 22:38:01.166518+00:00', '2020-02-28 22:38:01.16652+00:00'),
	(1354830081, 'Goonswarm Federation', 'CONDI', '2018-04-10 00:36:12+00:00', '2018-04-10 00:36:12+00:00'),
	(1377988574, 'U N K N O W N', 'KNOW', '2020-06-17 20:02:51.610511+00:00', '2020-06-17 20:02:51.610514+00:00'),
	(1691647675, 'Ishuk-Raata Enforcement Directive', 'I-RED', '2020-07-14 07:46:25.872014+00:00', '2020-07-14 07:46:25.872017+00:00'),
	(1727758877, 'Northern Coalition.', 'NC', '2018-01-26 01:01:04+00:00', '2018-01-26 01:01:04+00:00'),
	(1728396456, 'Dead Terrorists', 'IKILU', '2019-10-05 07:25:45.293786+00:00', '2019-10-05 07:25:45.293789+00:00'),
	(1789460651, 'Care Factor', 'C.F', '2019-12-03 03:53:32.767844+00:00', '2019-12-03 03:53:32.767847+00:00'),
	(1900696668, 'The Initiative.', 'INIT.', '2020-01-16 19:33:48.824455+00:00', '2020-01-16 19:33:48.824456+00:00'),
	(1911932230, 'Initiative Associates', '-IA-', '2020-02-07 21:55:49.829274+00:00', '2020-02-07 21:55:49.829276+00:00'),
	(1966049571, e'Ushra\'Khan', 'UNITY', '2020-04-09 14:20:13.595616+00:00', '2020-04-09 14:20:13.595617+00:00');

INSERT INTO corporations (corporation_id, corporation_name, alliance_id, inserted_dt, updated_dt, corporation_ticker) VALUES
	(1000001, 'Doomheim', NULL, '2020-06-13 01:02:50.34347+00:00', '2020-06-13 01:02:50.343471+00:00', '666'),
	(1000006, 'Deep Core Mining Inc.', NULL, '2020-09-20 00:49:55.144562+00:00', '2020-09-20 00:49:55.144565+00:00', 'DCMI'),
	(1000009, 'Caldari Provisions', NULL, '2020-09-21 19:50:16.947004+00:00', '2020-09-21 19:50:16.947007+00:00', 'CP'),
	(1000014, 'Perkone', NULL, '2020-09-27 12:49:58.37871+00:00', '2020-09-27 12:49:58.378713+00:00', 'P'),
	(1000044, 'School of Applied Knowledge', NULL, '2017-12-04 18:02:46+00:00', '2017-12-04 18:02:46+00:00', 'SAK'),
	(1000045, 'Science and Trade Institute', NULL, '2020-02-15 01:01:52.988401+00:00', '2020-02-15 01:01:52.988403+00:00', 'STI'),
	(1000046, 'Sebiestor Tribe', NULL, '2020-08-29 06:15:48.188327+00:00', '2020-08-29 06:15:48.188329+00:00', 'S'),
	(1000049, 'Brutor Tribe', NULL, '2020-08-30 02:15:11.279136+00:00', '2020-08-30 02:15:11.279139+00:00', 'B'),
	(1000060, 'Native Freshfood', NULL, '2020-05-02 20:05:51.72403+00:00', '2020-05-02 20:05:51.724032+00:00', 'NF'),
	(1000066, 'Viziam', NULL, '2020-06-28 11:46:30.479731+00:00', '2020-06-28 11:46:30.479734+00:00', 'VI'),
	(1000072, 'Imperial Shipment', NULL, '2020-07-12 23:46:31.433683+00:00', '2020-07-12 23:46:31.433685+00:00', 'IS'),
	(1000080, 'Ministry of War', NULL, '2020-04-26 19:05:48.442144+00:00', '2020-04-26 19:05:48.442146+00:00', 'MW'),
	(1000107, 'The Scope', NULL, '2020-09-20 17:50:24.15864+00:00', '2020-09-20 17:50:24.158642+00:00', 'TS'),
	(1000111, 'Aliastra', NULL, '2020-09-13 16:49:49.265298+00:00', '2020-09-13 16:49:49.2653+00:00', 'A'),
	(1000114, 'Garoun Investment Bank', NULL, '2020-02-01 12:32:41.859286+00:00', '2020-02-01 12:32:41.859288+00:00', 'GIB'),
	(1000115, 'University of Caille', NULL, '2018-04-07 08:35:38+00:00', '2018-04-07 08:35:38+00:00', 'UC'),
	(1000165, 'Hedion University', NULL, '2020-02-08 17:38:39.873338+00:00', '2020-02-08 17:38:39.873341+00:00', 'HU'),
	(1000167, 'State War Academy', NULL, '2020-02-01 10:49:00.768125+00:00', '2020-02-01 10:49:00.768127+00:00', 'SWA'),
	(1000168, 'Federal Navy Academy', NULL, '2018-01-12 22:02:39+00:00', '2018-01-12 22:02:39+00:00', 'FNA'),
	(1000169, 'Center for Advanced Studies', NULL, '2017-12-31 06:41:38+00:00', '2017-12-31 06:41:38+00:00', 'CAS'),
	(1000170, 'Republic Military School', NULL, '2018-04-19 04:27:59+00:00', '2018-04-19 04:27:59+00:00', 'RMS'),
	(1000172, 'Pator Tech School', NULL, '2018-04-25 20:50:44+00:00', '2018-04-25 20:50:44+00:00', 'PTS'),
	(1000180, 'State Protectorate', NULL, '2020-08-06 02:50:22.551476+00:00', '2020-08-06 02:50:22.551478+00:00', 'SPROT'),
	(1000181, 'Federal Defense Union', NULL, '2020-09-28 13:50:45.337865+00:00', '2020-09-28 13:50:45.337868+00:00', 'FEDEF'),
	(98005120, 'Brittas Empire', 99005338, '2020-05-13 13:05:42.022772+00:00', '2020-05-13 13:05:42.022774+00:00', 'BREMP'),
	(98011082, 'Shadow State', 1354830081, '2020-09-18 16:50:17.200625+00:00', '2020-09-18 16:50:17.200628+00:00', 'SSTAT'),
	(98024769, 'Big Rock Drilling Operations', NULL, '2019-12-19 23:34:46.72891+00:00', '2019-12-19 23:34:46.728913+00:00', 'BRDO'),
	(98077358, e'Somebody Else\'s Problem', NULL, '2020-02-09 21:48:21.069833+00:00', '2020-02-09 21:48:21.069835+00:00', '.SEP.'),
	(98077601, 'Shield and Sword', NULL, '2019-11-18 17:06:39.357449+00:00', '2019-11-18 17:06:39.357453+00:00', 'BSASD'),
	(98078132, 'Guns dont kill people. We do', NULL, '2020-06-09 00:58:13.734235+00:00', '2020-06-09 00:58:13.734238+00:00', 'GDKP'),
	(98091193, 'Scorpion Section', NULL, '2019-11-04 09:25:47.561781+00:00', '2019-11-04 09:25:47.561838+00:00', '.SCO.'),
	(98097817, 'Concordiat', 99005338, '2020-07-19 21:55:30.441074+00:00', '2020-07-19 21:55:30.441076+00:00', 'CDIAT'),
	(98110805, '0rizen Irregulars', 982284363, '2018-02-12 01:54:41+00:00', '2018-02-12 01:54:41+00:00', '0RIG'),
	(98134538, 'Wormbro', 99006650, '2018-04-10 20:55:04+00:00', '2018-04-10 20:55:04+00:00', 'NW0RT'),
	(98140648, 'The Conference Elite', 99002775, '2018-04-26 18:56:39+00:00', '2018-04-26 18:56:39+00:00', 'GNK3D'),
	(98151631, e'I\'m Sorry Shoot What?', 99005839, '2020-08-29 06:15:29.588771+00:00', '2020-08-29 06:15:29.588774+00:00', 'ISSW'),
	(98155413, 'Space Mutts', 99009114, '2020-09-14 03:50:19.161727+00:00', '2020-09-14 03:50:19.161729+00:00', 'MU.TT'),
	(98155765, 'Crye Leike Executive', NULL, '2020-04-01 15:09:19.328959+00:00', '2020-04-01 15:09:19.32896+00:00', 'CRYLK'),
	(98160956, 'Lulz Cartel', NULL, '2020-08-13 17:15:02.29619+00:00', '2020-08-13 17:15:02.296193+00:00', 'LULC'),
	(98169165, 'Brave Newbies Inc.', 99003214, '2020-07-12 00:46:29.962071+00:00', '2020-07-12 00:46:29.962073+00:00', 'SB00N'),
	(98178199, 'Variables Unlimited', 99006287, '2020-09-27 17:43:30.688495+00:00', '2020-09-27 17:43:30.688497+00:00', 'NDLES'),
	(98189216, 'Sub--Zero', 1354830081, '2019-09-03 17:28:43.908709+00:00', '2019-09-03 17:28:43.90871+00:00', 'Y0-H0'),
	(98192246, 'Iron Riders', NULL, '2019-12-05 00:53:07.994718+00:00', '2019-12-05 00:53:07.994733+00:00', 'LEET'),
	(98199279, 'Stay Frosty.', 99004295, '2020-09-19 16:50:16.179644+00:00', '2020-09-19 16:50:16.179646+00:00', 'ST-FR'),
	(98202335, 'Federation of Independent Capsuleers', NULL, '2018-05-10 05:37:03+00:00', '2018-05-10 05:37:03+00:00', 'FOIC'),
	(98210887, 'Interstellar Booty Hunters', 99009430, '2020-04-26 04:47:57.428091+00:00', '2020-04-26 04:47:57.428092+00:00', 'IBTY'),
	(98221538, 'C5 Flight', 99009104, '2020-08-15 11:15:12.73891+00:00', '2020-08-15 11:15:12.738912+00:00', 'C5-F'),
	(98224835, 'Star Nation', NULL, '2020-10-06 05:49:28.670309+00:00', '2020-10-06 05:49:28.670312+00:00', 'S-NAT'),
	(98229970, 'Sun of Wisdom', NULL, '2020-04-02 21:40:23.963412+00:00', '2020-04-02 21:40:23.963413+00:00', 'SOWIS'),
	(98232206, 'Heuristic Industrial And Development', 99003739, '2019-09-16 14:08:46.515462+00:00', '2019-09-16 14:08:46.515463+00:00', 'HIAD'),
	(98238003, 'Vector Galactic', 99005178, '2020-09-16 01:54:55.91391+00:00', '2020-09-16 01:54:55.913911+00:00', 'G-REG'),
	(98240196, 'Mostly Sober', 99006411, '2020-03-15 02:41:09.282635+00:00', '2020-03-15 02:41:09.282636+00:00', 'FU84R'),
	(98244960, 'Lockheart Trading Company', 99009406, '2019-11-28 09:11:28.678539+00:00', '2019-11-28 09:11:28.678542+00:00', 'LHTC'),
	(98246728, 'Occulus Rifts', 99010122, '2020-07-11 05:45:58.701003+00:00', '2020-07-11 05:45:58.701005+00:00', 'ORIFT'),
	(98250435, 'Row Row Fight the Power', 498125261, '2020-07-11 15:46:33.603024+00:00', '2020-07-11 15:46:33.603026+00:00', 'TRYRM'),
	(98258093, 'Strategic Exploration and Development Corp', 99009268, '2020-04-04 02:04:52.783397+00:00', '2020-04-04 02:04:52.783399+00:00', 'SEADC'),
	(98258893, 'School of Mabon', NULL, '2018-04-28 15:26:09+00:00', '2018-04-28 15:26:09+00:00', 'MABON'),
	(98265369, 'Eschelon Directive', 99009928, '2020-04-17 04:05:20.695545+00:00', '2020-04-17 04:05:20.695548+00:00', 'ESCHN'),
	(98271660, 'FCSB', 557004256, '2020-08-01 13:15:53.805573+00:00', '2020-08-01 13:15:53.805575+00:00', 'FCSB'),
	(98285152, 'Sovereign Shadow Syndicate', 99005824, '2020-07-17 20:28:06.814561+00:00', '2020-07-17 20:28:06.814564+00:00', '-3-S-'),
	(98285203, 'Cretus Incendium', NULL, '2020-06-21 12:02:19.341415+00:00', '2020-06-21 12:02:19.341417+00:00', 'CRETU'),
	(98293349, 'Alpha Republic - Transcenders of Space and Time', 1042504553, '2020-07-18 14:56:12.743788+00:00', '2020-07-18 14:56:12.74379+00:00', 'ARTOS'),
	(98293472, 'POS Party', 99006117, '2018-02-27 23:15:04+00:00', '2018-02-27 23:15:04+00:00', 'POSPY'),
	(98295252, 'Polar Solstice', NULL, '2020-01-16 19:33:11.255283+00:00', '2020-01-16 19:33:11.255284+00:00', 'PSOLS'),
	(98301735, 'badgirl industry corporation', 99008666, '2019-09-03 17:27:57.828745+00:00', '2019-09-03 17:27:57.828746+00:00', 'BADGI'),
	(98302952, 'Malevelon Roe Industries', 99009693, '2020-05-03 06:05:51.263166+00:00', '2020-05-03 06:05:51.263169+00:00', 'MALRO'),
	(98304186, 'Proioxis Assault Force', 99007599, '2019-09-16 21:47:12.703052+00:00', '2019-09-16 21:47:12.703054+00:00', 'PROIX'),
	(98311406, 'The Exchange Collective', 1042504553, '2019-10-01 01:47:07.475635+00:00', '2019-10-01 01:47:07.475637+00:00', '.TXC.'),
	(98311523, 'Machiavellian Empire', 498125261, '2019-09-03 17:28:28.650217+00:00', '2019-09-03 17:28:28.650219+00:00', 'MACE1'),
	(98316453, 'Outfit 418', 99010265, '2020-09-02 19:14:14.202625+00:00', '2020-09-02 19:14:14.202627+00:00', '-418-'),
	(98323102, 'Last Train From Cadspugh', NULL, '2018-05-03 12:32:37+00:00', '2018-05-03 12:32:37+00:00', 'CADSP'),
	(98325257, 'Tessellation Services', NULL, '2020-07-27 02:06:35.349359+00:00', '2020-07-27 02:06:35.34936+00:00', 'DYVYD'),
	(98334770, 'What Could Go Wrong', NULL, '2020-05-24 13:05:21.363795+00:00', '2020-05-24 13:05:21.363798+00:00', '3MIN.'),
	(98337007, 'Rethrick Construction', NULL, '2019-09-14 11:12:33.058749+00:00', '2019-09-14 11:12:33.05875+00:00', 'PYCHK'),
	(98343297, 'Lowlife.', 99004901, '2020-03-11 21:37:51.751748+00:00', '2020-03-11 21:37:51.751752+00:00', 'LWLFE'),
	(98349544, 'the 57th Overlanders Brigade', NULL, '2017-12-30 04:20:04+00:00', '2017-12-30 04:20:04+00:00', '.57TH'),
	(98362674, 'Brand Newbros', 99009829, '2020-06-19 05:02:20.330138+00:00', '2020-06-19 05:02:20.33014+00:00', 'NWFLT'),
	(98363074, 'Singularity Expedition Services', 99005476, '2020-01-16 19:34:04.147456+00:00', '2020-01-16 19:34:04.147457+00:00', '.SENS'),
	(98365547, 'South of Heaven Ltd', 1691647675, '2020-07-19 00:55:50.694613+00:00', '2020-07-19 00:55:50.694616+00:00', 'SOHCO'),
	(98367024, 'New Jovian Exploration Department', 99008701, '2020-10-01 16:50:13.025936+00:00', '2020-10-01 16:50:13.025939+00:00', 'NJED'),
	(98370861, 'KarmaFleet', 1354830081, '2018-04-10 00:36:12+00:00', '2018-04-10 00:36:12+00:00', 'SNOOO'),
	(98377551, 'Out of Focus', 99004013, '2020-03-11 13:38:23.96931+00:00', '2020-03-11 13:38:23.969313+00:00', 'OFOC'),
	(98379795, 'Discoverings', 1354830081, '2019-09-12 02:02:14.698114+00:00', '2019-09-12 02:02:14.698116+00:00', 'DSCRY'),
	(98380820, 'Exit-Strategy', 99009511, '2020-06-12 13:02:58.876923+00:00', '2020-06-12 13:02:58.876925+00:00', 'EXIT-'),
	(98388312, 'Pandemic Horde Inc.', 99005338, '2020-09-11 19:51:27.2897+00:00', '2020-09-11 19:51:27.289703+00:00', 'THXFC'),
	(98388965, 'Embark', 933731581, '2020-09-28 22:49:32.2705+00:00', '2020-09-28 22:49:32.270502+00:00', 'SAGBC'),
	(98389204, 'Newbie Friendly Industries', 99007101, '2020-06-12 13:03:21.271807+00:00', '2020-06-12 13:03:21.271808+00:00', 'NEBFI'),
	(98390683, 'Hogyoku', 1354830081, '2020-02-09 07:32:51.35013+00:00', '2020-02-09 07:32:51.350132+00:00', '-HKU-'),
	(98390860, 'Free Traders of Audace', NULL, '2018-03-29 03:43:57+00:00', '2018-03-29 03:43:57+00:00', 'FTOA'),
	(98397188, 'Armored Business', 99009138, '2020-05-16 18:50:19.766107+00:00', '2020-05-16 18:50:19.766109+00:00', 'ARMB'),
	(98400319, 'Safety Set To Red', NULL, '2020-07-09 21:46:01.104429+00:00', '2020-07-09 21:46:01.104432+00:00', 'S.RED'),
	(98401311, 'Templarz', 99009584, '2020-01-30 22:33:03.416085+00:00', '2020-01-30 22:33:03.416086+00:00', 'TTKU'),
	(98402049, e'Fleet Angel\'s Security Corporation', NULL, '2020-09-20 16:49:28.771095+00:00', '2020-09-20 16:49:28.771099+00:00', 'FA.SC'),
	(98407038, e'Kill\'em all. Let Bob sort\'em out.', 1966049571, '2020-06-27 22:47:03.009411+00:00', '2020-06-27 22:47:03.009414+00:00', 'K.E.A'),
	(98415266, 'BLOPSEC', NULL, '2020-06-03 00:05:24.644016+00:00', '2020-06-03 00:05:24.644019+00:00', 'BL0PS'),
	(98417590, 'VIRUS CO', 99007916, '2020-06-06 17:05:23.915551+00:00', '2020-06-06 17:05:23.915552+00:00', 'VRS01'),
	(98418288, 'Blattodea', 99005824, '2020-04-02 21:38:55.291894+00:00', '2020-04-02 21:38:55.291895+00:00', 'BLTT'),
	(98419552, 'Vagrant Skies', NULL, '2019-09-07 18:27:56.083049+00:00', '2019-09-07 18:27:56.08305+00:00', 'VSKY'),
	(98422478, 'Eve Central Intelligence Agency', NULL, '2019-09-03 17:27:59.815929+00:00', '2019-09-03 17:27:59.815929+00:00', 'E-CIA'),
	(98422625, 'Shadberry Froyo Logistics Inc.', NULL, '2019-09-03 17:29:50.131933+00:00', '2019-09-03 17:29:50.131934+00:00', 'FROYO');

INSERT INTO corporations (corporation_id, corporation_name, alliance_id, inserted_dt, updated_dt, corporation_ticker) VALUES
	(98423801, 'Alpha Flight', 982284363, '2020-07-25 22:55:37.459041+00:00', '2020-07-25 22:55:37.459044+00:00', 'A F L'),
	(98425418, e'Tradors\'R\'us', 99007070, '2018-04-19 06:59:27+00:00', '2018-04-19 06:59:27+00:00', 'TRARU'),
	(98426106, 'Pirates with Benefits', NULL, '2019-09-25 11:46:38.269586+00:00', '2019-09-25 11:46:38.269588+00:00', 'P-WB'),
	(98436313, 'Wolf Brothers INC', 99007005, '2020-06-20 23:02:51.317406+00:00', '2020-06-20 23:02:51.317409+00:00', 'PO-LI'),
	(98443106, 'Digital Chess Session', NULL, '2019-09-03 17:29:41.976216+00:00', '2019-09-03 17:29:41.976217+00:00', 'CH3SS'),
	(98443830, 'The Grey Eagles', NULL, '2019-10-05 09:18:45.430699+00:00', '2019-10-05 09:18:45.430703+00:00', '-GE.-'),
	(98446137, 'X Ops', NULL, '2019-10-19 23:37:38.154687+00:00', '2019-10-19 23:37:38.154689+00:00', 'X O'),
	(98447592, 'Sacrificial -n- Cold Fear', 99009216, '2020-07-18 22:56:12.409674+00:00', '2020-07-18 22:56:12.409677+00:00', '-SNCF'),
	(98452649, 'BlackheartGamers', NULL, '2020-06-27 22:47:28.569475+00:00', '2020-06-27 22:47:28.569477+00:00', 'BHLFE'),
	(98454893, 'Birdsquad', NULL, '2019-09-03 17:28:00.579781+00:00', '2019-09-03 17:28:00.579781+00:00', 'B1RD.'),
	(98455803, 'Bluer Mirage', NULL, '2017-11-25 06:40:11+00:00', '2017-11-25 06:40:11+00:00', 'BMMMB'),
	(98458868, 'Faded Light', NULL, '2018-04-17 05:17:53+00:00', '2018-04-17 05:17:53+00:00', 'IDNO'),
	(98466724, 'Sharks With Lasers Pew Pew', 99009289, '2020-07-03 05:46:06.735153+00:00', '2020-07-03 05:46:06.735157+00:00', 'SWLP'),
	(98467662, 'The Evesploratory Society', 99009042, '2020-04-20 01:15:54.029694+00:00', '2020-04-20 01:15:54.029695+00:00', 'ESOCI'),
	(98473505, 'Paranoia Overload', 99008701, '2020-09-03 21:14:21.339648+00:00', '2020-09-03 21:14:21.33965+00:00', 'SPAMV'),
	(98474987, 'The Black Crow Bandits', 99003214, '2020-07-16 16:58:46.949877+00:00', '2020-07-16 16:58:46.949878+00:00', 'BCROW'),
	(98475855, 'CyberTeck Industries Development', NULL, '2020-04-18 02:45:55.241519+00:00', '2020-04-18 02:45:55.241522+00:00', 'CTID3'),
	(98477920, 'Nobody in Local', 99000739, '2019-09-12 02:03:29.077808+00:00', '2019-09-12 02:03:29.077809+00:00', 'SA.FE'),
	(98478883, 'Know-Nothings', NULL, '2020-08-25 06:14:20.653438+00:00', '2020-08-25 06:14:20.653441+00:00', 'KNONO'),
	(98479075, 'Starkmanir Recon Operates', NULL, '2020-04-04 18:20:47.049201+00:00', '2020-04-04 18:20:47.049204+00:00', 'SMROS'),
	(98479473, 'Picket Fences Inc.', NULL, '2020-03-19 18:31:08.643231+00:00', '2020-03-19 18:31:08.643233+00:00', 'PCFI.'),
	(98480565, 'Spartan Vanguard', 498125261, '2018-03-20 20:52:58+00:00', '2018-03-20 20:52:58+00:00', 'SPVG'),
	(98483662, 'Benevolence Alpha Fleet', NULL, '2020-07-20 11:55:47.322834+00:00', '2020-07-20 11:55:47.322837+00:00', 'BVE-1'),
	(98483958, 'Terpene Conglomerate', NULL, '2020-08-24 21:14:26.004173+00:00', '2020-08-24 21:14:26.004176+00:00', 'TERP'),
	(98484236, 'Holesale', 99005731, '2019-09-12 02:02:33.987525+00:00', '2019-09-12 02:02:33.987527+00:00', 'HO-SA'),
	(98487359, 'Ronin ONE', 99008973, '2019-10-29 19:23:48.790627+00:00', '2019-10-29 19:23:48.79063+00:00', 'R-ONE'),
	(98487371, 'The Bosena Accords', NULL, '2020-09-24 11:55:49.558902+00:00', '2020-09-24 11:55:49.558905+00:00', 'BOSAC'),
	(98490588, 'Decompression Theory', 99006438, '2018-02-25 03:08:26+00:00', '2018-02-25 03:08:26+00:00', 'NAUTX'),
	(98491666, 'Foxholers', 99009321, '2020-08-18 22:14:52.252825+00:00', '2020-08-18 22:14:52.252828+00:00', 'W-FOX'),
	(98493593, 'Templis Training Academy', NULL, '2019-09-03 17:28:02.446071+00:00', '2019-09-03 17:28:02.446073+00:00', 'TTA..'),
	(98494323, 'Intention Unknown', NULL, '2019-09-03 17:28:14.596341+00:00', '2019-09-03 17:28:14.596342+00:00', 'INWN'),
	(98501023, 'Warcrows', 99006505, '2019-09-03 17:29:08.283959+00:00', '2019-09-03 17:29:08.28396+00:00', 'WRCRO'),
	(98504006, 'Coletron Inc', NULL, '2020-05-21 00:05:51.643054+00:00', '2020-05-21 00:05:51.643057+00:00', 'COLET'),
	(98504356, 'Mouth Trumpet Cavalry.', 99006690, '2019-09-16 14:16:28.575696+00:00', '2019-09-16 14:16:28.575697+00:00', 'MCAV.'),
	(98506933, 'Nasty-Boyz', 99001742, '2018-04-17 12:34:07+00:00', '2018-04-17 12:34:07+00:00', '-NBZ-'),
	(98510517, 'Little Star Logistics', NULL, '2020-06-12 13:03:20.096341+00:00', '2020-06-12 13:03:20.096343+00:00', '.LSL.'),
	(98511376, 'Hateful Intent', 99009035, '2020-06-29 19:46:09.121409+00:00', '2020-06-29 19:46:09.121413+00:00', 'H1NT'),
	(98514189, 'Abscondita Stilio', NULL, '2020-07-18 00:55:44.508251+00:00', '2020-07-18 00:55:44.508254+00:00', 'SF9-0'),
	(98514922, 'FAYN Industries', 99010305, '2020-09-16 18:49:29.670647+00:00', '2020-09-16 18:49:29.670649+00:00', 'FAYN'),
	(98516206, 'Failure Incorporated', NULL, '2019-12-03 03:53:50.471013+00:00', '2019-12-03 03:53:50.471014+00:00', 'F..I'),
	(98516874, 'Somewhat Law-Abiding Citizens', NULL, '2020-03-18 16:41:41.890158+00:00', '2020-03-18 16:41:41.89016+00:00', 'SLACN'),
	(98519717, 'Maidens Of The Chalice', 99007539, '2020-04-26 16:05:47.444442+00:00', '2020-04-26 16:05:47.444444+00:00', 'MOTCC'),
	(98521367, 'The Free Search Group', 498125261, '2020-10-05 21:49:41.046859+00:00', '2020-10-05 21:49:41.04686+00:00', '-FSG-'),
	(98521924, 'Lethal Injection Inc.', 386292982, '2019-09-03 17:28:03.225458+00:00', '2019-09-03 17:28:03.225459+00:00', 'L-INJ'),
	(98522286, 'AGGRESSIVE ASSET RELOCATION', NULL, '2018-05-03 03:07:35+00:00', '2018-05-03 03:07:35+00:00', '.AAR'),
	(98523511, 'Naked Oiled Bodybuilders', 99007753, '2020-05-01 04:05:45.111405+00:00', '2020-05-01 04:05:45.111407+00:00', 'ISGAY'),
	(98523718, e'Sanity\'s Redemption', NULL, '2020-01-20 21:45:58.773812+00:00', '2020-01-20 21:45:58.773813+00:00', 'SNR Z'),
	(98524243, 'Puppets Incorporated', NULL, '2020-03-03 20:56:26.067747+00:00', '2020-03-03 20:56:26.067748+00:00', 'PUP-I'),
	(98524655, 'The Sejuia Legacy', NULL, '2018-03-07 21:55:03+00:00', '2018-03-07 21:55:03+00:00', 'SEJU'),
	(98525656, 'Resurrection Complex', 741557221, '2020-10-07 12:38:54.455394+00:00', '2020-10-07 12:38:54.455398+00:00', 'REZCO'),
	(98526351, 'Hold my Beer pls', NULL, '2020-08-04 12:49:18.487623+00:00', '2020-08-04 12:49:18.487626+00:00', 'B3-3R'),
	(98527441, 'Discordance', NULL, '2019-09-03 17:28:04.156522+00:00', '2019-09-03 17:28:04.156523+00:00', 'X-77'),
	(98527517, 'Nova Acquisition Corporation', NULL, '2018-04-04 04:19:09+00:00', '2018-04-04 04:19:09+00:00', 'NJCA'),
	(98531447, 'Deutsche Hanse AG', NULL, '2020-05-30 23:43:30.195331+00:00', '2020-05-30 23:43:30.195333+00:00', 'DHAG'),
	(98533144, 'The Audient Void', NULL, '2018-03-05 08:19:29+00:00', '2018-03-05 08:19:29+00:00', 'HOTEP'),
	(98534343, 'Starwinders', 99010016, '2020-06-27 22:46:49.644382+00:00', '2020-06-27 22:46:49.644384+00:00', 'STWND'),
	(98535759, 'German Corps of Engineers 17', 99007391, '2019-10-29 14:28:48.858564+00:00', '2019-10-29 14:28:48.858566+00:00', 'GCE17'),
	(98541428, 'Aggressive Feeding', NULL, '2019-10-03 11:46:44.176558+00:00', '2019-10-03 11:46:44.176559+00:00', 'FEEDR'),
	(98544352, 'Colastraw Corporation', NULL, '2020-06-12 13:03:17.378745+00:00', '2020-06-12 13:03:17.378746+00:00', 'ASSCL'),
	(98545296, 'Second Stage Turbine Co', NULL, '2019-09-03 17:28:12.349759+00:00', '2019-09-03 17:28:12.349766+00:00', '2STB'),
	(98549166, 'Bot Lives Matter', NULL, '2019-09-03 17:28:05.060391+00:00', '2019-09-03 17:28:05.060392+00:00', 'BOTLM'),
	(98549557, e'Tanked \'n Spanked', NULL, '2019-09-03 17:28:05.344322+00:00', '2019-09-03 17:28:05.344323+00:00', 'TANCT'),
	(98551200, 'African Atomic.', NULL, '2020-06-08 12:05:21.622912+00:00', '2020-06-08 12:05:21.622913+00:00', 'YUG3N'),
	(98551996, 'Astrahus Party', NULL, '2019-10-04 17:57:23.389607+00:00', '2019-10-04 17:57:23.389609+00:00', 'ASPRT'),
	(98553008, 'Black Flame Corporation', 982284363, '2020-08-21 16:14:35.189621+00:00', '2020-08-21 16:14:35.189622+00:00', 'TDUBH'),
	(98553095, 'It is really us', 99009287, '2020-10-07 12:39:00.955619+00:00', '2020-10-07 12:39:00.95562+00:00', '-W E-'),
	(98553181, 'Second State LTD', NULL, '2018-03-28 23:08:36+00:00', '2018-03-28 23:08:36+00:00', 'SLTDS'),
	(98553906, 'Outcast Armada', NULL, '2018-03-30 00:38:38+00:00', '2018-03-30 00:38:38+00:00', 'ORMAD'),
	(98554130, 'American Innovative Industries', NULL, '2018-04-04 04:19:09+00:00', '2018-04-04 04:19:09+00:00', 'AMINN'),
	(98557203, 'Meltdown Technologies', NULL, '2018-05-06 17:41:41+00:00', '2018-05-06 17:41:41+00:00', 'WAST3'),
	(98557206, 'Nefarious Acts', NULL, '2018-04-25 18:22:09+00:00', '2018-04-25 18:22:09+00:00', 'NEFA'),
	(98558051, 'Kingdom of the Forgotten Suns', NULL, '2019-09-03 17:28:06.957771+00:00', '2019-09-03 17:28:06.957772+00:00', 'KOTFS'),
	(98558665, 'WOLFPACK BROTHERHOOD', NULL, '2018-05-07 07:24:50+00:00', '2018-05-07 07:24:50+00:00', 'H0WLZ'),
	(98558785, 'Zandell Corporation', NULL, '2018-05-08 06:40:12+00:00', '2018-05-08 06:40:12+00:00', 'PMZDE'),
	(98559111, 'Get A Life', NULL, '2020-10-07 12:39:23.945243+00:00', '2020-10-07 12:39:23.945246+00:00', 'GETAL'),
	(98559478, 'SpaceWolf.', NULL, '2018-05-14 10:41:28+00:00', '2018-05-14 10:41:28+00:00', '-VPF-'),
	(98559512, 'JUNKINS', NULL, '2019-09-03 17:29:35.598043+00:00', '2019-09-03 17:29:35.598044+00:00', 'JUN-K'),
	(98560621, 'Violence is the Answer', 99007415, '2019-09-16 21:47:13.168123+00:00', '2019-09-16 21:47:13.168125+00:00', 'VI.TA'),
	(98560652, 'Miners Inn', 99009480, '2020-04-14 20:05:53.999181+00:00', '2020-04-14 20:05:53.999183+00:00', '0MIN0'),
	(98561016, 'Caretakers of BOB', NULL, '2020-06-12 13:03:04.930339+00:00', '2020-06-12 13:03:04.930342+00:00', '--BOB'),
	(98561641, 'ICON Libertas', 99006343, '2020-02-11 13:32:47.028988+00:00', '2020-02-11 13:32:47.028991+00:00', 'IC-ON'),
	(98562439, 'Advanced Salt Processing V', 99009002, '2019-09-03 17:28:49.103095+00:00', '2019-09-03 17:28:49.103097+00:00', 'U KRY'),
	(98563008, 'The Lancers Guild', NULL, '2020-04-02 11:09:13.945631+00:00', '2020-04-02 11:09:13.945632+00:00', 'LNCG'),
	(98564734, 'Zetter Xtraction', NULL, '2020-03-10 00:53:15.101663+00:00', '2020-03-10 00:53:15.101665+00:00', 'ZX.'),
	(98566528, 'Infinitum Enterprises', NULL, '2019-09-03 17:28:42.868492+00:00', '2019-09-03 17:28:42.868494+00:00', 'I.ENT'),
	(98568312, 'Sanctuary of Souls Inc.', 99009133, '2019-09-12 09:43:46.707248+00:00', '2019-09-12 09:43:46.707251+00:00', 'SNS18'),
	(98568584, 'Chatelain Auxiliary Response', 99009991, '2020-05-14 23:05:37.632494+00:00', '2020-05-14 23:05:37.632495+00:00', 'CHTAR'),
	(98572627, 'Average Pilots', 99004295, '2020-05-17 01:05:58.971427+00:00', '2020-05-17 01:05:58.971429+00:00', 'AVPPC'),
	(98573257, 'Newbro Mining Incorporated', NULL, '2019-09-03 17:29:53.350765+00:00', '2019-09-03 17:29:53.350766+00:00', 'NBMNI'),
	(98574873, 'Hyperion Mining Incorporated', NULL, '2020-06-12 13:04:03.881238+00:00', '2020-06-12 13:04:03.881239+00:00', 'HJCHF'),
	(98575203, 'Dark Venture Corporation', NULL, '2019-09-03 17:29:05.550675+00:00', '2019-09-03 17:29:05.550676+00:00', 'DKVC'),
	(98575255, 'Dragon.', 99005338, '2020-08-23 01:15:28.086128+00:00', '2020-08-23 01:15:28.086131+00:00', '.REST'),
	(98578254, 'DnM AG', NULL, '2019-09-12 02:03:31.164+00:00', '2019-09-12 02:03:31.164001+00:00', 'DNM01'),
	(98578642, 'Gas Factory', NULL, '2020-05-24 07:05:49.705379+00:00', '2020-05-24 07:05:49.705382+00:00', 'GAS4U'),
	(98578883, 'Sapphire And Steel', NULL, '2020-03-20 15:49:23.056591+00:00', '2020-03-20 15:49:23.056593+00:00', 'SPPHR'),
	(98580469, e'Fleet Angel\'s Caldari Directorate', NULL, '2019-09-03 17:28:32.692294+00:00', '2019-09-03 17:28:32.692295+00:00', 'FA.CD'),
	(98582129, 'Shattered Destiny', 99009878, '2020-03-31 02:49:02.740858+00:00', '2020-03-31 02:49:02.740861+00:00', 'DST-Y'),
	(98584096, 'ISK.Industries', 99008823, '2020-05-23 06:05:52.786985+00:00', '2020-05-23 06:05:52.786987+00:00', 'I.IN'),
	(98586983, 'The Aether Syndicate', 99005738, '2020-01-16 19:32:56.392287+00:00', '2020-01-16 19:32:56.392289+00:00', '.AS..'),
	(98586987, 'The Dog House', 99006343, '2020-06-28 13:46:32.878762+00:00', '2020-06-28 13:46:32.878764+00:00', 'OGDOG');

INSERT INTO corporations (corporation_id, corporation_name, alliance_id, inserted_dt, updated_dt, corporation_ticker) VALUES
	(98588687, 'Vapor Sea', NULL, '2019-09-03 17:28:27.044004+00:00', '2019-09-03 17:28:27.044006+00:00', 'A.FAR'),
	(98588691, 'Protostarr', NULL, '2020-07-16 02:46:15.622475+00:00', '2020-07-16 02:46:15.622478+00:00', 'PRTST'),
	(98590532, 'The Pannion Domin', 99009856, '2020-03-22 14:49:06.703858+00:00', '2020-03-22 14:49:06.703861+00:00', 'PAANN'),
	(98595205, 'Bombers Holdings', NULL, '2020-04-26 00:05:37.636797+00:00', '2020-04-26 00:05:37.636798+00:00', 'BOM H'),
	(98595307, 'KINAKKA.', NULL, '2019-09-03 19:04:27.080957+00:00', '2019-09-03 19:04:27.080959+00:00', 'KINK.'),
	(98596857, 'Too Many Rules...', NULL, '2020-07-25 10:56:10.109454+00:00', '2020-07-25 10:56:10.109456+00:00', 'TMRX'),
	(98599298, 'Plenty of skulls in space', NULL, '2020-03-03 22:54:49.355612+00:00', '2020-03-03 22:54:49.355614+00:00', 'POSIS'),
	(98600138, 'OneSmallStep', 99009756, '2020-02-09 16:32:47.624496+00:00', '2020-02-09 16:32:47.624498+00:00', 'OSSP'),
	(98601302, 'New Phone Who Dis', NULL, '2020-06-28 23:46:23.837348+00:00', '2020-06-28 23:46:23.837351+00:00', 'HUDIS'),
	(98601602, 'Fallen Fleet Angels', NULL, '2020-09-23 01:49:50.935471+00:00', '2020-09-23 01:49:50.935474+00:00', 'FF.A'),
	(98603144, 'FSG WH Space Control', NULL, '2020-10-05 20:49:39.459338+00:00', '2020-10-05 20:49:39.459341+00:00', 'FSG-W'),
	(98603435, 'Iri Sola', NULL, '2020-06-07 08:05:51.132561+00:00', '2020-06-07 08:05:51.132564+00:00', 'IRI S'),
	(98606950, 'HC - Hitman Charlie Corp.', NULL, '2019-12-01 20:11:25.613781+00:00', '2019-12-01 20:11:25.613783+00:00', 'HCHMC'),
	(98607787, 'Stick Fighter Union', 99006833, '2020-06-22 20:02:40.012729+00:00', '2020-06-22 20:02:40.012732+00:00', 'SF-U'),
	(98609197, 'Gobble Gang', NULL, '2019-09-03 17:28:13.071825+00:00', '2019-09-03 17:28:13.071826+00:00', 'BRLBR'),
	(98609398, 'House of Hier', NULL, '2020-07-09 18:46:14.084162+00:00', '2020-07-09 18:46:14.084165+00:00', 'HH0HH'),
	(98611034, 'Kceron Corporation', NULL, '2020-05-13 18:12:17.439765+00:00', '2020-05-13 18:12:17.439767+00:00', 'KCERO'),
	(98611445, 'Be Nice Inc.', 99009843, '2020-09-11 19:50:31.349683+00:00', '2020-09-11 19:50:31.349685+00:00', 'BNYSE'),
	(98611705, 'Lunar Legion.', 99009405, '2020-04-25 22:05:42.800589+00:00', '2020-04-25 22:05:42.800592+00:00', 'LL..'),
	(98612309, 'Saints Of Chaos', 99010332, '2020-10-07 12:39:16.621875+00:00', '2020-10-07 12:39:16.621877+00:00', 'SIT3X'),
	(98612375, 'The Intervention', 99001099, '2020-07-24 15:56:14.599599+00:00', '2020-07-24 15:56:14.599601+00:00', 'INTVN'),
	(98613022, 'Mischief and Gloom', 99008816, '2020-05-28 05:05:38.874036+00:00', '2020-05-28 05:05:38.874038+00:00', 'NIRIK'),
	(98613483, 'Auspicion', NULL, '2020-06-01 12:05:32.917112+00:00', '2020-06-01 12:05:32.917115+00:00', 'AUXS'),
	(98614168, 'TwoIfBySea', NULL, '2020-02-11 18:44:38.608962+00:00', '2020-02-11 18:44:38.608964+00:00', 'TWOIF'),
	(98614304, 'Artemis Underground', NULL, '2020-04-29 20:05:28.489369+00:00', '2020-04-29 20:05:28.48937+00:00', 'ART.U'),
	(98614492, 'Pandemic Horde High Sec Division', NULL, '2019-10-31 17:37:54.884981+00:00', '2019-10-31 17:37:54.884983+00:00', 'PH-HS'),
	(98614568, 'Athena Industrial', NULL, '2020-08-21 12:19:36.250715+00:00', '2020-08-21 12:19:36.250718+00:00', 'ATHIL'),
	(98615398, 'United Stellar Federation', 99009216, '2020-07-16 16:58:58.977773+00:00', '2020-07-16 16:58:58.977776+00:00', 'USFED'),
	(98615971, 'SelfService Camping', NULL, '2019-10-01 22:47:21.820765+00:00', '2019-10-01 22:47:21.820766+00:00', 'UNGHH'),
	(98616451, 'Fwaming Dwagons', 99010285, '2020-09-11 19:49:53.275181+00:00', '2020-09-11 19:49:53.275184+00:00', 'FWAGN'),
	(98616830, 'Canadian Amateur Pornstar Syndicate', NULL, '2019-10-11 17:46:56.855872+00:00', '2019-10-11 17:46:56.856132+00:00', 'CAPSY'),
	(98617086, 'Crazy Aces', 99009818, '2020-05-15 22:05:42.290652+00:00', '2020-05-15 22:05:42.290655+00:00', 'CZYA'),
	(98617087, 'Riften Thieves Guild', NULL, '2020-06-03 10:06:22.215826+00:00', '2020-06-03 10:06:22.215829+00:00', 'JEIH'),
	(98619221, 'Unknown Soldiers Mercenary Force', 741557221, '2020-10-01 22:49:53.028419+00:00', '2020-10-01 22:49:53.02842+00:00', 'UNKSO'),
	(98620289, 'Ascendance Rising', NULL, '2020-05-10 03:20:12.942747+00:00', '2020-05-10 03:20:12.942747+00:00', '10UP'),
	(98620671, 'Dread Knights Holding', 99009317, '2020-03-16 16:41:25.166596+00:00', '2020-03-16 16:41:25.166598+00:00', 'DREDK'),
	(98622666, 'Imperial Radionetics', 99007289, '2020-02-13 03:53:05.825436+00:00', '2020-02-13 03:53:05.825438+00:00', 'R-I-R'),
	(98625147, 'The Miners Revolt', NULL, '2020-02-17 00:11:34.146277+00:00', '2020-02-17 00:11:34.146279+00:00', 'MRHQ'),
	(98626395, 'EXPLORERS UNLIMITED', 99009814, '2020-03-04 20:38:06.297633+00:00', '2020-03-04 20:38:06.297635+00:00', 'XPORS'),
	(98627263, 'Lacuna Fulfillment', NULL, '2020-08-19 03:14:18.885974+00:00', '2020-08-19 03:14:18.885977+00:00', 'LAFU'),
	(98629411, 'aW Corporation', NULL, '2020-06-09 03:05:37.284806+00:00', '2020-06-09 03:05:37.284809+00:00', '.AW.C'),
	(98630705, 'Strix Ridens', NULL, '2020-09-03 05:15:04.624705+00:00', '2020-09-03 05:15:04.624708+00:00', 'OWL.'),
	(98630815, 'Booty Banditz', NULL, '2020-04-06 09:20:36.26017+00:00', '2020-04-06 09:20:36.260173+00:00', 'BTYBZ'),
	(98632580, 'Camping4onepls', NULL, '2020-04-06 15:20:39.841702+00:00', '2020-04-06 15:20:39.841704+00:00', 'UGEY'),
	(98632586, 'Karmunism Limited', 99010030, '2020-05-31 21:05:38.380841+00:00', '2020-05-31 21:05:38.380842+00:00', 'K.LIM'),
	(98632711, 'EXTRAGALACTIC EXPLORATION AND INDUSTRY', NULL, '2020-09-01 07:15:23.264228+00:00', '2020-09-01 07:15:23.264231+00:00', 'EXEXI'),
	(98633005, 'Protean Concept', NULL, '2020-09-16 05:49:50.262699+00:00', '2020-09-16 05:49:50.262702+00:00', 'AD4PT'),
	(98633650, 'Melphalan', 99010132, '2020-10-06 00:49:55.246284+00:00', '2020-10-06 00:49:55.246286+00:00', 'ASCT.'),
	(98634324, 'RBON United', NULL, '2020-03-24 18:49:31.889562+00:00', '2020-03-24 18:49:31.889565+00:00', 'RBONU'),
	(98634472, 'New Eden Capsuleer College', 99008228, '2020-10-01 01:49:55.575245+00:00', '2020-10-01 01:49:55.575245+00:00', '.NECC'),
	(98634555, 'Dazz Corp', NULL, '2020-07-29 13:59:09.539688+00:00', '2020-07-29 13:59:09.539691+00:00', 'DZZA'),
	(98635458, 'Think Blue Count Two', NULL, '2020-05-20 06:05:41.322482+00:00', '2020-05-20 06:05:41.322484+00:00', 'TB C2'),
	(98636464, 'M Y S T', NULL, '2020-05-22 09:05:43.76841+00:00', '2020-05-22 09:05:43.768414+00:00', '-MYST'),
	(98636600, 'House Snow', NULL, '2020-04-02 00:09:10.715844+00:00', '2020-04-02 00:09:10.715845+00:00', '.-HS.'),
	(98636945, 'Funeral Clowns', NULL, '2020-04-04 03:20:58.056621+00:00', '2020-04-04 03:20:58.056622+00:00', 'FUN-C'),
	(98637241, 'Cerberus-Horizon', NULL, '2020-04-06 01:20:26.08495+00:00', '2020-04-06 01:20:26.084951+00:00', 'CBHZ'),
	(98637610, 'Baying Hounds', NULL, '2020-04-09 07:14:22.872153+00:00', '2020-04-09 07:14:22.872155+00:00', 'BAYI'),
	(98638747, 'ROMANIA Air Forces', NULL, '2020-09-27 16:49:58.291432+00:00', '2020-09-27 16:49:58.291435+00:00', 'R0N.'),
	(98639501, 'N.R.V.D.', NULL, '2020-05-03 20:05:52.821904+00:00', '2020-05-03 20:05:52.821905+00:00', 'NRVD'),
	(98640845, 'The Inf3cted', NULL, '2020-05-04 10:05:40.591762+00:00', '2020-05-04 10:05:40.591764+00:00', 'NAIF'),
	(98641203, 'Freedom Loving People Loving Freedom', NULL, '2020-05-10 13:05:57.798459+00:00', '2020-05-10 13:05:57.798462+00:00', 'FLPLF'),
	(98642028, 'Nostalgic Vet Gallente Inc.', NULL, '2020-05-14 19:24:45.13863+00:00', '2020-05-14 19:24:45.138633+00:00', 'NVGC'),
	(98642643, 'N U L L', NULL, '2020-05-24 13:00:42.661679+00:00', '2020-05-24 13:00:42.661683+00:00', 'NU LL'),
	(98642665, 'FT-817', NULL, '2020-08-31 12:14:45.608135+00:00', '2020-08-31 12:14:45.608138+00:00', 'FT817'),
	(98643807, 'Blue Fish Inc', NULL, '2020-05-23 08:05:53.005167+00:00', '2020-05-23 08:05:53.00517+00:00', 'B3LT4'),
	(98644394, 'Bluer Mirage.', NULL, '2020-06-12 13:03:16.582074+00:00', '2020-06-12 13:03:16.582076+00:00', 'BMMB.'),
	(98644650, 'Kybernauts', NULL, '2020-06-12 13:03:31.857252+00:00', '2020-06-12 13:03:31.857255+00:00', 'CLKYB'),
	(98645219, 'A Few Good Misfits', NULL, '2020-08-25 00:14:23.540501+00:00', '2020-08-25 00:14:23.540504+00:00', 'A FE'),
	(98645934, 'Open Skies Exploratory Comittee', NULL, '2020-08-02 02:56:13.080879+00:00', '2020-08-02 02:56:13.080881+00:00', 'NESKO'),
	(98645935, 'Vestal Corp', NULL, '2020-07-16 16:58:50.419473+00:00', '2020-07-16 16:58:50.419476+00:00', 'XZIT'),
	(98647589, 'Vulkaran Guard', 99010204, '2020-09-18 17:06:03.046531+00:00', '2020-09-18 17:06:03.046534+00:00', 'VULG.'),
	(98647650, 'Stribog Kybernaut Subclade', 99010140, '2020-07-15 10:46:22.042872+00:00', '2020-07-15 10:46:22.042875+00:00', 'SKS3'),
	(98648447, 'Mystic Drago', NULL, '2020-07-09 20:46:37.883964+00:00', '2020-07-09 20:46:37.883967+00:00', 'MSDG'),
	(98648475, 'JUST PlXELS', NULL, '2020-07-16 16:58:39.777073+00:00', '2020-07-16 16:58:39.777075+00:00', 'HYREZ'),
	(98648570, 'Krab Miners', NULL, '2020-08-15 17:15:01.106929+00:00', '2020-08-15 17:15:01.106931+00:00', 'KR4BM'),
	(98648925, 'Reflex Delta', NULL, '2020-07-04 12:46:28.554854+00:00', '2020-07-04 12:46:28.554856+00:00', 'RFLXD'),
	(98650688, 'Foreign Narodnya', NULL, '2020-07-20 13:56:13.220007+00:00', '2020-07-20 13:56:13.220009+00:00', 'FNNA'),
	(98652372, 'RAD Ltd.', NULL, '2020-08-07 06:49:35.301673+00:00', '2020-08-07 06:49:35.301674+00:00', 'RAD L'),
	(98652437, 'New Eden Galatic Industries', NULL, '2020-09-11 19:50:36.668721+00:00', '2020-09-11 19:50:36.668725+00:00', 'NEGIN'),
	(98652697, 'Interstellar Central Technologies', NULL, '2020-09-11 19:51:20.114965+00:00', '2020-09-11 19:51:20.114968+00:00', 'IT3CH'),
	(98654085, 'Kybernauts of Svarog Clade', 99010047, '2020-09-01 21:14:23.405359+00:00', '2020-09-01 21:14:23.40536+00:00', 'SKY3'),
	(98654517, 'Tigris Veternum', NULL, '2020-08-22 10:14:25.195961+00:00', '2020-08-22 10:14:25.195964+00:00', 'SF9-I'),
	(98655030, 'KONTAKT.', NULL, '2020-08-26 02:14:43.689001+00:00', '2020-08-26 02:14:43.689004+00:00', '-K7-'),
	(98658029, 'Advanced Ore-Tech Boot Camp', NULL, '2020-09-20 17:50:24.620409+00:00', '2020-09-20 17:50:24.620411+00:00', 'AOTBC'),
	(135163554, '58th Fighter Squadron', NULL, '2020-02-19 23:49:26.134481+00:00', '2020-02-19 23:49:26.134482+00:00', '58FS'),
	(306830202, 'The Tuskers', 99004357, '2019-11-08 22:13:31.499261+00:00', '2019-11-08 22:13:31.499263+00:00', 'TSKRS'),
	(322165777, 'Replicatorz', 99009845, '2020-09-28 03:50:01.149583+00:00', '2020-09-28 03:50:01.149585+00:00', 'REPZ'),
	(342600165, 'Moira.', 99001634, '2020-03-28 20:03:25.388517+00:00', '2020-03-28 20:03:25.388519+00:00', 'AISA'),
	(355443127, 'ANZAC ALLIANCE', 99007203, '2020-03-02 15:38:04.464278+00:00', '2020-03-02 15:38:04.46428+00:00', 'ANZA'),
	(423280073, 'Black Rebel Rifter Club', 99002217, '2018-01-17 16:09:38+00:00', '2018-01-17 16:09:38+00:00', 'R1FTA'),
	(439896599, 'Therapy.', 99002367, '2020-01-16 19:32:59.852988+00:00', '2020-01-16 19:32:59.852991+00:00', 'SH0K'),
	(480079747, 'The Vendunari', 99002302, '2018-04-25 10:41:09+00:00', '2018-04-25 10:41:09+00:00', 'VENDO'),
	(495280655, 'Khanid Enterprises', NULL, '2020-06-19 14:31:13.792355+00:00', '2020-06-19 14:31:13.792358+00:00', '.K.E.'),
	(538004967, 'x13', 99005338, '2020-05-15 19:05:35.741739+00:00', '2020-05-15 19:05:35.741741+00:00', 'X13'),
	(544199803, 'Macabre Votum', 1727758877, '2020-09-24 00:49:45.80728+00:00', '2020-09-24 00:49:45.807287+00:00', 'M.V'),
	(629318977, 'Nova Zembla Pty Ltd', NULL, '2019-10-12 07:09:06.408902+00:00', '2019-10-12 07:09:06.408904+00:00', 'NZPL'),
	(635210548, 'Fusion Enterprises Ltd', 498125261, '2020-08-15 00:14:26.815903+00:00', '2020-08-15 00:14:26.815906+00:00', 'FUSEN'),
	(684653551, 'North Face Force', 99009688, '2020-03-20 21:49:09.961033+00:00', '2020-03-20 21:49:09.961036+00:00', 'N.F.F'),
	(685495596, 'Empire Assault Corp', 1728396456, '2019-10-05 07:25:45.633392+00:00', '2019-10-05 07:25:45.633393+00:00', 'EAK'),
	(693378155, 'Unholy Knights of Cthulhu', 498125261, '2020-01-16 19:33:25.653705+00:00', '2020-01-16 19:33:25.653706+00:00', 'UKOC');

INSERT INTO corporations (corporation_id, corporation_name, alliance_id, inserted_dt, updated_dt, corporation_ticker) VALUES
	(705444291, 'T.R.I.A.D', 1966049571, '2020-04-09 14:20:13.72914+00:00', '2020-04-09 14:20:13.729141+00:00', '..T..'),
	(731510113, 'Three Fish Incorporated', NULL, '2019-12-18 19:49:01.09889+00:00', '2019-12-18 19:49:01.098892+00:00', 'FISH3'),
	(739403251, 'Shiva', 1727758877, '2019-09-03 17:28:35.923506+00:00', '2019-09-03 17:28:35.923507+00:00', 'SHVA'),
	(773499566, 'The Graduates', 1900696668, '2020-01-16 19:33:48.883242+00:00', '2020-01-16 19:33:48.883244+00:00', 'TGRAD'),
	(792483373, 'Black Thorne Corporation', NULL, '2019-09-16 21:47:28.987821+00:00', '2019-09-16 21:47:28.987823+00:00', 'BTCL'),
	(869043665, 'Woopatang', 1691647675, '2020-07-14 07:46:25.917522+00:00', '2020-07-14 07:46:25.917524+00:00', '--W--'),
	(917701062, 'EVE University', 937872513, '2020-03-14 14:41:38.264238+00:00', '2020-03-14 14:41:38.26424+00:00', 'E-UNI'),
	(935907718, 'Destructive Influence', 1727758877, '2018-04-27 23:46:38+00:00', '2018-04-27 23:46:38+00:00', 'DICE.'),
	(992426600, 'Order of the Shadow', 99001081, '2019-11-15 23:29:58.653986+00:00', '2019-11-15 23:29:58.653987+00:00', 'SHDOP'),
	(1018389948, 'Dreddit', 498125261, '2020-08-12 07:49:45.868739+00:00', '2020-08-12 07:49:45.868743+00:00', 'B0RT'),
	(1176767608, 'Tenax Incorporated', NULL, '2017-09-16 22:18:12+00:00', '2017-09-16 22:18:12+00:00', 'TX-I'),
	(1208520764, 'New Eden Freelance Logistics Inc.', NULL, '2018-04-19 22:34:40+00:00', '2018-04-19 22:34:40+00:00', 'NEFL'),
	(1211383288, e'Lucifer\'s Hammer', 99004295, '2020-10-01 06:50:11.515045+00:00', '2020-10-01 06:50:11.515048+00:00', 'LUCRH'),
	(1329325066, 'Ranger Industries', 99007716, '2019-11-16 08:13:05.070645+00:00', '2019-11-16 08:13:05.070647+00:00', 'RNGI'),
	(1395059590, 'Immortalis Inc.', 495729389, '2020-04-09 02:14:20.573771+00:00', '2020-04-09 02:14:20.573772+00:00', '10101'),
	(1491319733, 'Stimulus', 927292903, '2020-01-16 19:33:44.881905+00:00', '2020-01-16 19:33:44.881906+00:00', 'STIM'),
	(1552312459, 'Star Frontiers', 99007887, '2020-04-09 10:14:22.240854+00:00', '2020-04-09 10:14:22.240855+00:00', '-S-F-'),
	(1584705821, 'Last Haven', NULL, '2019-12-08 16:53:23.619771+00:00', '2019-12-08 16:53:23.619772+00:00', 'FRARN'),
	(1608628609, 'Voodoo Children', NULL, '2019-12-09 13:55:33.789569+00:00', '2019-12-09 13:55:33.789571+00:00', '.VDC.'),
	(1698858600, 'Russian Thunder Squad', 288377808, '2020-09-28 13:50:08.104538+00:00', '2020-09-28 13:50:08.104541+00:00', 'RTSQ'),
	(1705300610, 'The Dark Space Initiative', 1900696668, '2020-09-19 13:50:04.00878+00:00', '2020-09-19 13:50:04.008783+00:00', 'TDSIN'),
	(1752030326, 'Dromedaworks inc', 498125261, '2017-11-21 05:28:49+00:00', '2017-11-21 05:28:49+00:00', 'DROWI'),
	(1753357224, 'Vanishing Point.', 1900696668, '2020-04-19 21:05:44.747311+00:00', '2020-04-19 21:05:44.747314+00:00', 'VANIS'),
	(1831131676, 'V0LTA', 99005839, '2020-05-21 23:05:38.289353+00:00', '2020-05-21 23:05:38.289356+00:00', 'V0LTA'),
	(1894214152, 'Aideron Robotics', NULL, '2020-08-09 07:49:32.702004+00:00', '2020-08-09 07:49:32.702007+00:00', 'AIDER'),
	(1975749457, 'No.Mercy', 933731581, '2020-09-11 19:50:13.614017+00:00', '2020-09-11 19:50:13.614019+00:00', '.N-M.'),
	(1975841310, 'AirHogs', 99009201, '2019-11-19 00:12:17.729548+00:00', '2019-11-19 00:12:17.729549+00:00', 'AIRHO'),
	(2014367342, 'Blackwater USA Inc.', 99005338, '2020-03-12 13:38:09.106071+00:00', '2020-03-12 13:38:09.106075+00:00', 'BUSA'),
	(2043331849, 'Evermore Warriors', 1042504553, '2019-09-16 14:16:31.578579+00:00', '2019-09-16 14:16:31.578581+00:00', 'EVERM');

INSERT INTO characters (character_id, character_name, inserted_dt, updated_dt, corporation_id, token) VALUES
	(90016290, 'Scitor Nantom', '2019-09-03 17:28:10.626528+00:00', '2019-09-03 17:28:10.626529+00:00', 1000046, ''),
	(90028779, 'Varaga Swifthowl', '2018-03-10 19:15:38+00:00', '2018-03-10 19:15:38+00:00', 98199279, '--rRUVkaw5E-EJXESZSabD1sejjqS5FOtG8o9ZqZBVb1_9_XzHc8GuA2iubDxZgS0'),
	(90056020, 'Colonel CoZ', '2020-03-19 22:49:03.970831+00:00', '2020-03-19 22:49:03.970833+00:00', 1000009, ''),
	(90118200, 'Adamant Alion', '2020-03-17 00:41:31.728144+00:00', '2020-03-17 00:41:31.728147+00:00', 98199279, ''),
	(90217566, 'Starmyst', '2020-05-03 06:05:46.273492+00:00', '2020-05-03 06:05:46.273494+00:00', 98572627, ''),
	(90222257, 'Riozuil', '2020-05-25 11:12:25.343189+00:00', '2020-05-25 11:12:25.343191+00:00', 98367024, ''),
	(90231088, e'Duke of\'Nukem', '2020-08-13 17:15:02.407988+00:00', '2020-08-13 17:15:02.40799+00:00', 98160956, ''),
	(90291902, 'Grimmash', '2017-11-22 20:09:59+00:00', '2017-11-22 20:09:59+00:00', 98367024, '-Xf39hG6vGZ34x0cxzVwI0zGW7W-_u_3IODcrs6bCLw0xQylfxRRc6sbrFnC7TYP0'),
	(90292624, 'Lorena Sanchez', '2020-05-15 20:39:23.549013+00:00', '2020-05-15 20:39:23.549016+00:00', 98638747, '31KKtT8DVC-VF6m6_zk7-kLm9t1_P5qsgIlZzwhD8fhIsreY1vqC3WfEU5fl32sR'),
	(90353226, 'Khaza Elliott', '2020-05-04 10:05:40.638006+00:00', '2020-05-04 10:05:40.638006+00:00', 98640845, ''),
	(90467223, 'Mimirko Brutalski', '2019-09-03 17:28:13.211379+00:00', '2019-09-03 17:28:13.211381+00:00', 98609197, ''),
	(90470109, 'Xavier Devrii', '2018-05-14 07:31:31+00:00', '2018-05-14 07:31:31+00:00', 98558051, 'UWeKqtOOo3JpvzaKsQ2oU--vxDroRbYHjkEagj8WnbZPEL29D9BEhgysFwcLNE2t0'),
	(90510281, 'Ada Arbosa', '2019-09-03 17:28:13.926247+00:00', '2019-09-03 17:28:13.926249+00:00', 1000046, ''),
	(90527543, 'Dr Ted Kaper', '2019-11-21 03:11:51.180738+00:00', '2019-11-21 03:11:51.180743+00:00', 1000107, ''),
	(90543423, 'Khazuru Sharvas', '2019-09-03 17:28:14.693011+00:00', '2019-09-03 17:28:14.693012+00:00', 98494323, ''),
	(90557081, 'Naka Zulu', '2018-04-07 15:45:33+00:00', '2018-04-07 15:45:33+00:00', 98199279, 'liaX2FkhSNK0xD1ai9-_sDN3HJKO-AUKE0FpwaAQz1m3XVXMSzuPB3d7TpoIU6C80'),
	(90559011, 'Mystuus Nahrnid', '2020-04-13 20:05:48.360642+00:00', '2020-04-13 20:05:48.360644+00:00', 1211383288, ''),
	(90643216, 'Distra Omaristos', '2020-04-26 00:05:37.705285+00:00', '2020-04-26 00:05:37.705286+00:00', 98595205, ''),
	(90686470, 'WakeRider', '2017-11-17 00:25:19+00:00', '2017-11-17 00:25:19+00:00', 98367024, '8_iYLZCS3W6FDzmBBFrBrKVeTUoJgBH8Kfh9vxBQtFN1PZrqa_gFeHYmyR1QSq9y0'),
	(90762581, 'Klaus Kabbageton', '2019-09-03 17:28:16.237033+00:00', '2019-09-03 17:28:16.237035+00:00', 1000107, ''),
	(90974043, 'Daniel Alpena', '2018-03-18 06:28:08+00:00', '2018-03-18 06:28:08+00:00', 98199279, 'kioRCr9XaF9lVbOkeA5jMfOrmgIUrpMZL0GdXPDI1yTdDOXjN-JM4v2gjse_5lUt0'),
	(91021551, 'Narxes Enaka', '2020-08-07 06:49:35.345691+00:00', '2020-08-07 06:49:35.345693+00:00', 98652372, ''),
	(91094943, 'Ciba Lexlulu', '2018-01-03 05:30:24+00:00', '2018-01-03 05:30:24+00:00', 98199279, 'LF-e0WwdLW71PAx37XOM7YvYQq6SHAQP0Vi5dLvmmHkP5HZO-SFm6tLAaVTSyMhg0'),
	(91235636, 'Erika Mizune', '2020-02-17 19:44:40.38922+00:00', '2020-02-17 19:44:40.389223+00:00', 1211383288, 'v_sE9QTKtL_AfyDJJz1XBp_Yzsl_-W4TbO5eBasP5iwtKBzOc4fpYOCoPgjvMqXJ'),
	(91281966, 'Dipak P', '2019-09-12 02:02:16.765826+00:00', '2019-09-12 02:02:16.765828+00:00', 98265369, ''),
	(91288592, 'Bluey Snuttsoff', '2019-11-08 04:36:47.251987+00:00', '2019-11-08 04:36:47.252011+00:00', 1211383288, ''),
	(91290509, 'Aeolus Naari', '2020-03-03 02:26:46.519649+00:00', '2020-03-03 02:26:46.519651+00:00', 98484236, '3a4cIcmQE095y3JFF8VFI_nw0lBZmXrM16s6iObB1HOCcktYgee-9rvT0m7bzcqg'),
	(91345662, 'Sheza Kewtee', '2018-05-14 15:13:51+00:00', '2018-05-14 15:13:51+00:00', 1211383288, '2s65JFIH-0sz6ep0zVAsF6upYP0sOs3lb8EkT0qx7CFBK9BBWizT6YF-5tXR2cla0'),
	(91376372, '38Ottrey', '2018-03-05 08:18:18+00:00', '2018-03-05 08:18:18+00:00', 98301735, ''),
	(91413811, 'sidrakul Darmazaf', '2019-09-12 02:02:18.153035+00:00', '2019-09-12 02:02:18.153037+00:00', 1000080, ''),
	(91425517, 'kage Huren', '2018-01-17 16:09:38+00:00', '2018-01-17 16:09:38+00:00', 423280073, '4HOJNyA4VLSWHf69NgEHQzk6_EGV-M_BmcbZZh4aotMSVz-jieWqEde_cLv9L59_0'),
	(91496552, 'Jovacco', '2019-10-29 14:28:49.028739+00:00', '2019-10-29 14:28:49.028741+00:00', 98535759, 'Y6OKGCN5F-xLQWc31ZRZH_e3bxHRQG58xuH-9trhzEHpI5WZgWfjPK5HgBjjeiEl'),
	(91606237, 'h0tsauce 0nyaD0G', '2019-09-03 17:28:18.170918+00:00', '2019-09-03 17:28:18.170919+00:00', 1000060, ''),
	(91671606, 'Dischordant', '2018-01-22 01:41:24+00:00', '2018-01-22 01:41:24+00:00', 98199279, 'G7agxjVuAPns58KGWqcGgU53kiRhcM3N1YGRRbc6NTZeBG4fpfpWhMdPLNUxd4EG0'),
	(91671775, 'Anikitos Monomaxos', '2020-01-16 19:33:11.336655+00:00', '2020-01-16 19:33:11.336656+00:00', 98295252, ''),
	(91753109, 'michael palodichuk', '2019-09-14 11:12:25.009056+00:00', '2019-09-14 11:12:25.009057+00:00', 98388965, ''),
	(91804273, 'Laguna Fox', '2018-04-12 13:30:56+00:00', '2018-04-12 13:30:56+00:00', 98199279, '70wZPHVCZsVvEpE24M_vJHbrNnr3uifpLs7vqKNUJFCvDZhhqO1riXvZdae8EEv00'),
	(91851509, 'Trever Raschke', '2019-09-14 11:12:26.133347+00:00', '2019-09-14 11:12:26.133348+00:00', 98607787, ''),
	(91861262, 'Skir Skor', '2018-02-05 17:36:29+00:00', '2018-02-05 17:36:29+00:00', 98199279, 'Tk8iYnkuCbwuKtMt3SYy08VTqH2-x8FxZZArAZux6hEs-4Qt6OyyDEnkI7nNxRsZ0'),
	(91918086, 'Scarecrow Renalard', '2019-11-04 16:36:49.330008+00:00', '2019-11-04 16:36:49.330011+00:00', 98199279, ''),
	(91939543, 'Nihilaus Vause', '2020-03-04 18:38:13.022453+00:00', '2020-03-04 18:38:13.022455+00:00', 98199279, ''),
	(91992281, 'Kei Todaku', '2020-04-01 15:09:19.483944+00:00', '2020-04-01 15:09:19.483945+00:00', 98155765, ''),
	(91995867, 'Jack Hobmeier', '2019-12-06 19:53:33.467566+00:00', '2019-12-06 19:53:33.467569+00:00', 1211383288, ''),
	(92088599, 'Lakota Ellecon', '2020-05-15 06:05:55.781845+00:00', '2020-05-15 06:05:55.781847+00:00', 98199279, ''),
	(92110320, 'Joebane Maetheon', '2019-12-16 22:30:16.039215+00:00', '2019-12-16 22:30:16.039216+00:00', 98572627, 'nWgaTCT7bsB41mRR1XszYROJNAQb67jmhzgePpr1Owp8kx_lqeWVrF-VSc9mVY7S'),
	(92117929, 'Jose Zampano', '2018-01-27 07:48:55+00:00', '2018-01-27 07:48:55+00:00', 739403251, ''),
	(92207531, 'Joffy Aulx-Gao', '2018-01-01 00:31:10+00:00', '2018-01-01 00:31:10+00:00', 98199279, 'b_EE5l4EU9OgLFZaGEpY5KMTZGn-t55b4Y3dhh-idJf7Z98xD2C3Tn4wX9Jo385S0'),
	(92221306, 'Verdis deMosays', '2020-09-11 19:50:13.673465+00:00', '2020-09-11 19:50:13.673467+00:00', 1975749457, ''),
	(92248620, 'Brother Zebediah', '2020-06-12 13:02:58.956457+00:00', '2020-06-12 13:02:58.956458+00:00', 98380820, ''),
	(92315675, 'Black--Widow', '2019-12-18 05:01:07.758573+00:00', '2019-12-18 05:01:07.758575+00:00', 98572627, 'VmKVyPI4tJ10E_EBoDfj6GL7Xdj6nnOJeJ5roHn2jzZYjYwdhEp0u9w3FKzvNJNS'),
	(92345924, 'Thane Ansollare', '2018-05-13 02:54:20+00:00', '2018-05-13 02:54:20+00:00', 98199279, 'OB8Q6iwhi-cQnBS3Di3gd6HE0oxYLt0y45Aj2UfBA0Q-bxg1X9oPDCVXrngvkNvE0'),
	(92444174, 'Watson Crick', '2017-12-31 07:27:48+00:00', '2017-12-31 07:27:48+00:00', 98199279, 'ZLfgXWe2nRCBwXkrdH4H_Yot48sBUOWhIzQnC0earnZAxkAkL3Tmj5QWHoe7cCfs0'),
	(92515935, 'Bold Podiene', '2020-09-22 17:50:08.912213+00:00', '2020-09-22 17:50:08.912216+00:00', 1211383288, ''),
	(92532428, 'Irie Igunen', '2017-06-10 06:54:57+00:00', '2017-06-10 06:54:57+00:00', 98367024, 'M4a2IhTE6kmKG-nYFWduJ8oFcrtIxspSRIQddI-OwMiW_FPPdpwSTERFKrutiVLZ0'),
	(92559063, 'Grievous Agony', '2019-09-16 14:08:04.39564+00:00', '2019-09-16 14:08:04.395641+00:00', 98334770, ''),
	(92566896, 'TheStankShank', '2020-06-07 01:32:22.257661+00:00', '2020-06-07 01:32:22.257664+00:00', 98199279, 'bFEztfrlH7YOucDt-zZSMGH9eMPEk_NpDhoB6gjtcH70qqD0MosiqQqjgkJxRgrv'),
	(92574496, 'Saint Michaels Soul', '2020-08-04 22:49:06.260292+00:00', '2020-08-04 22:49:06.260294+00:00', 98199279, ''),
	(92639027, 'Calanus', '2017-12-27 08:26:41+00:00', '2017-12-27 08:26:41+00:00', 98367024, '5zVDLe5WxTXkWa20LOeGh2gCmbM5DYNO1QZJVsllYmXZRYK7BgABXdlpO5oAZBsV0'),
	(92639364, 'Artennius Lee', '2017-11-17 00:52:24+00:00', '2017-11-17 00:52:24+00:00', 98367024, 'kKd3pGuso1r7nDKJzeCwKLFyK-Kx15utWLpjj7v7y1ycOF9gWjSAP-sFws-_OU_b0'),
	(92650485, 'Quinn Jovakko', '2019-12-08 12:55:08.05034+00:00', '2019-12-08 12:55:08.050341+00:00', 1211383288, ''),
	(92742096, 'Sarah Flinnley', '2020-07-10 10:46:21.15826+00:00', '2020-07-10 10:46:21.158263+00:00', 98199279, ''),
	(92742236, 'Graham Crendaven', '2019-09-03 17:28:22.690917+00:00', '2019-09-03 17:28:22.690919+00:00', 1000107, ''),
	(92777234, 'T Sky', '2019-09-16 14:16:26.491041+00:00', '2019-09-16 14:16:26.491042+00:00', 1698858600, ''),
	(92780438, 'Sebastian Thielman', '2018-01-01 06:49:15+00:00', '2018-01-01 06:49:15+00:00', 98199279, 'Dhi6e2R2gcl1aKzlyOZj_IJZpwvJtu-gFRawh049A2-ZiBjD8m9tQwy1qOKj0sAk0'),
	(92784631, 'Starfire Dai', '2017-07-04 04:49:42+00:00', '2017-07-04 04:49:42+00:00', 1211383288, 'OGCMuK0ISg7LIKQOMpORF3sJiJYL-rBQmgBx0lBlhiNq6aEZnxXwjHfdDHxYgFi90'),
	(92798117, 'Martinez Grabov', '2018-01-31 23:30:49+00:00', '2018-01-31 23:30:49+00:00', 98199279, 'cJvVMXVskuD2MyeZOC2Axo9nPe1EO_RcTXuCUrdCp3BNQwi7CSA1HjJzeIdtkv1I0'),
	(92813176, 'Faldor MacLeod', '2019-09-03 17:28:23.469712+00:00', '2019-09-03 17:28:23.469713+00:00', 1000107, ''),
	(92839173, 'Marcus Remington', '2018-01-15 07:04:26+00:00', '2018-01-15 07:04:26+00:00', 1211383288, 'HtIIDUiBxGw1u2e6UgfmdHDAG0-fIL8A8nlFuml-GL3uuLC8IQkDfwiEpiXgts640'),
	(92893953, 'Mr Veda', '2020-07-18 12:55:49.799603+00:00', '2020-07-18 12:55:49.799605+00:00', 98199279, ''),
	(92907600, 'David Kraznayevsky', '2017-06-10 17:01:15+00:00', '2017-06-10 17:01:15+00:00', 98199279, 'KeHgCdScVr1TIwGZcRbu_D-Q-eGI1578gtnHsQb9wDbJGP1ayvQiKL1IzyRNPKkg0'),
	(92948959, 'Anyang Haseo', '2020-01-17 21:54:00.8919+00:00', '2020-01-17 21:54:00.891902+00:00', 1211383288, 'Pa-q1OfVnw25Z5HQ0PCWoqKdArMo0aFAKkHmqZywc0jal2mP5F2cx2pBtmQ7viZP'),
	(93011089, 'Willy Roof', '2018-03-29 06:59:55+00:00', '2018-03-29 06:59:55+00:00', 1608628609, 'fmpMfa7SQ5i8Ol-T7CRT8zv3QC5WM7COMxYbHfuKNQpJnPSGlXQxIFd29nKYZGCT0'),
	(93055719, 'Rosalyn Franklin', '2018-04-27 02:18:13+00:00', '2018-04-27 02:18:13+00:00', 1211383288, 'GD6lCPlaMOkDsJ2JnmmX23oQQoRZWtRTilMqDI8fJc909clHdz-ekpWAw7f_hW7m0'),
	(93059592, 'Romah Orti', '2018-04-01 22:25:29+00:00', '2018-04-01 22:25:29+00:00', 1211383288, '--7A4oPKFCdD07EELT_8MYCtki9P172V_fSeXQHKudMy7lR5yBX6axt1v_YaJThn0'),
	(93090497, 'Kaytee Aideron', '2017-09-16 22:18:12+00:00', '2017-09-16 22:18:12+00:00', 1176767608, 'MVyaZrVq7cDwGt9tSUryD3DaFH65yw9Z3e5gsVwmuc4lnt6L6OExrv4yLKL9dySn0'),
	(93121999, 'Argos Gelert', '2020-03-01 14:38:10.288183+00:00', '2020-03-01 14:38:10.288184+00:00', 98613022, ''),
	(93125543, 'Mir Lotus Kasenumi', '2020-07-09 21:46:20.675544+00:00', '2020-07-09 21:46:20.675547+00:00', 1000014, ''),
	(93209628, 'Jeric Kondur', '2019-09-03 17:28:25.019837+00:00', '2019-09-03 17:28:25.019838+00:00', 1211383288, ''),
	(93241206, 'Rembrant Jovakko', '2019-11-19 03:03:42.55714+00:00', '2019-11-19 03:03:42.557142+00:00', 1211383288, '_CNx2-Q-tAWFDPbtqTn03GJH3xppEYvOPAKcvOUuueYFxgL_K5i0r4yuGTlTMXfo'),
	(93242586, 'Prda Prda', '2020-04-08 19:16:34.699483+00:00', '2020-04-08 19:16:34.699486+00:00', 98199279, 'zRUYFzOgBsnt4QjKDGYNQODBiyrOCBAn04M1v3wnWtUPbavoFYkLfbajh58Ce1se'),
	(93277856, 'Anna Soothsayer', '2019-10-07 21:15:28.341168+00:00', '2019-10-07 21:15:28.34117+00:00', 1000046, 'nGa86MhJkH5HFfWUyQeXlfwU2Nf9qg3Sa2M8ZtavHxlyBf8mR2hyP3YfHDDXZ_0u'),
	(93332191, 'Lieutenant Chase', '2019-09-03 17:28:25.354374+00:00', '2019-09-03 17:28:25.354376+00:00', 1000111, ''),
	(93350153, 'Wind Hariere', '2020-05-03 22:05:36.840769+00:00', '2020-05-03 22:05:36.840771+00:00', 98640845, ''),
	(93354065, 'annabelle Tsero', '2020-05-17 05:05:44.104413+00:00', '2020-05-17 05:05:44.104414+00:00', 1000006, ''),
	(93379257, 'Sutima Hanya', '2018-02-26 19:15:32+00:00', '2018-02-26 19:15:32+00:00', 1000169, '7zKdjxuNJohzcxylxcN06qnzCB8HZn85jklsSvBSkT9C13toP6Y64vUFrzn1QXfU0'),
	(93390751, 'Aric Caven', '2019-11-30 16:12:01.926821+00:00', '2019-11-30 16:12:01.926824+00:00', 1000107, ''),
	(93424127, 'Wolfgang Stoermer', '2020-06-12 13:03:05.034616+00:00', '2020-06-12 13:03:05.034619+00:00', 98561016, ''),
	(93461829, 'Marq Aideron', '2019-09-03 17:28:27.130455+00:00', '2019-09-03 17:28:27.130456+00:00', 98588687, ''),
	(93466832, 'Hanard Neukm', '2018-05-07 01:53:56+00:00', '2018-05-07 01:53:56+00:00', 98199279, 'erw5htCpEcZ2jm_0t8zcsdMkx0czfM3Gzp-2XV2MuItK6JcPzgesOAqybAWI8uNX0'),
	(93468510, 'Alex DeWalker', '2019-09-03 17:28:27.81267+00:00', '2019-09-03 17:28:27.812671+00:00', 98343297, ''),
	(93487224, 'Nuke Cave', '2019-11-08 22:13:31.564599+00:00', '2019-11-08 22:13:31.564602+00:00', 306830202, 'ktdvDDp0t7epZkPTJaI5FFTQP0ARZk3UeHqVWahUTW9VSyXVvYX6zmgAc3CnYHEi'),
	(93495713, 'Wayrachaki Sinchikuna', '2018-04-07 20:06:25+00:00', '2018-04-07 20:06:25+00:00', 98490588, 'jIX0F8y04aWeNDy9olmNlxjVCH4Cjfb8Uxr0N4jOSpkyM4RUpf7jYpjwp8tbYuMT0'),
	(93531605, 'Shyl Tenebris', '2020-06-08 13:05:45.149331+00:00', '2020-06-08 13:05:45.149333+00:00', 1000006, ''),
	(93532586, 'Xyler Pemulis', '2019-09-03 17:28:29.104233+00:00', '2019-09-03 17:28:29.104234+00:00', 1000006, ''),
	(93579916, '2wolf77 Okanata', '2019-09-16 14:08:13.790034+00:00', '2019-09-16 14:08:13.790036+00:00', 98511376, ''),
	(93604603, 'Ceye Utara', '2018-01-17 20:18:26+00:00', '2018-01-17 20:18:26+00:00', 98199279, 'RHFRogp_-re5umYcNpNTpI9mpu_lj9W1y5kbAN_MN6Wt9ALDYDkqSf2TAsn4CLTV0'),
	(93637808, 'Jackie Hobmeier', '2019-11-30 19:33:07.522849+00:00', '2019-11-30 19:33:07.522852+00:00', 1211383288, 'rYtgDjMwsAOnm6N2JXv0-ZRv3z_8rbW8XuU2vnKoWhhbIC9BMuI_DUJ77HnNfMCj'),
	(93660615, 'tara sembelius', '2020-05-30 23:43:30.276933+00:00', '2020-05-30 23:43:30.276938+00:00', 98531447, 'S3htq6RGOJ-PvYN3X-WxOHnzrxosUAWWaTeWzai_t15C-VpA7QkCMook8qXEKp-x'),
	(93666512, 'Ipshank Delat', '2019-11-15 08:12:24.693372+00:00', '2019-11-15 08:12:24.693373+00:00', 1000046, ''),
	(93672629, 'Sibire Whittney', '2018-04-13 08:14:19+00:00', '2018-04-13 08:14:19+00:00', 98367024, '');

INSERT INTO characters (character_id, character_name, inserted_dt, updated_dt, corporation_id, token) VALUES
	(93846346, e'Albert D\'Bella', '2019-09-03 17:28:30.33272+00:00', '2019-09-03 17:28:30.332721+00:00', 1000107, ''),
	(93852541, 'Vin Marauder', '2018-03-30 14:52:18+00:00', '2018-03-30 14:52:18+00:00', 1608628609, 'iS5x8nA-_wCGNDSxsGVAcmdiQvEYSM8yg0NKiPz0YjDhk6kr0FTUx5QM7p7Wq_8h0'),
	(93880453, 'Erosian Aideron', '2020-01-16 19:33:28.194583+00:00', '2020-01-16 19:33:28.194585+00:00', 1211383288, ''),
	(93885451, 'Phajol Ormand', '2017-06-10 12:10:09+00:00', '2017-06-10 12:10:09+00:00', 1608628609, 'qexM7dcTVcghvwUJGLWZ2HLRp94Uh2zW0GYRp0m4PtRQzNy8KCH-04GI-csF5imD0'),
	(93896684, 'Ben Holyland', '2019-09-03 17:28:31.226272+00:00', '2019-09-03 17:28:31.226273+00:00', 1000046, ''),
	(93958467, 'Naomi Asty', '2019-10-07 19:21:53.53209+00:00', '2019-10-07 19:21:53.532092+00:00', 1211383288, 'HpwKFcTxpyzpTUhEKv-aHMGT1Htm8QHwc3syTzaTtzqfYvHDFwZKmhgRN8MVxok5'),
	(93982466, 'Say Itt', '2020-08-22 10:14:25.29222+00:00', '2020-08-22 10:14:25.292222+00:00', 98654517, ''),
	(94032153, 'Dalikar Fasttrack', '2020-05-28 00:05:47.589227+00:00', '2020-05-28 00:05:47.589229+00:00', 98644394, ''),
	(94058319, 'Hannibal Titan', '2020-09-18 16:50:17.246211+00:00', '2020-09-18 16:50:17.246212+00:00', 98011082, ''),
	(94079722, 'Ginzou Tzestu', '2018-01-06 21:01:39+00:00', '2018-01-06 21:01:39+00:00', 98199279, 'Rn6w2lh6HA3tE9Eoky0If2Jn6HZvYLt50w6gJM5AIf_naGMgU1M8PfYAfTMhqHk20'),
	(94094084, 'ranko554', '2017-12-31 05:33:10+00:00', '2017-12-31 05:33:10+00:00', 98367024, 'hKD32QWxSNWxCTrVa-N2J-21MhM7cJRtjYV6UcYbQDt1t0uOzdCFQkPqsYYkYDbR0'),
	(94133693, 'Chapp Kharz', '2020-04-02 21:40:24.011356+00:00', '2020-04-02 21:40:24.011357+00:00', 98229970, 'pBuG3PAouLrnOtR0JFV8M5mdC2xivcdvRuaJdQ8-6kLYhnnVIu_Kz1JOlod2LfB4'),
	(94169110, 'Galen Oak', '2018-02-01 06:54:13+00:00', '2018-02-01 06:54:13+00:00', 1211383288, '-bP-z2qOdoPpvOt4BJwLd6m5pT1yqVuT3UhkvhtFWz6Gch26r0srpyVaGZaYKisz0'),
	(94195705, 'Uracil Andomer', '2019-10-15 00:26:44.219695+00:00', '2019-10-15 00:26:44.219697+00:00', 1211383288, 'YY39hwpMOpUVqil1FWofeK2GD3_pPJJ6XCNfNVWxtYKG2rmACtDMp2l53xyLhQeO'),
	(94214142, 'Dmitriy Semenoff', '2020-02-10 20:02:06.873023+00:00', '2020-02-10 20:02:06.873024+00:00', 98617086, 'kJPqzBoVGpMV6-cm-G2wmaTISnGBUlbUJ-hpWzAI8IIs1Ljh3wnzQ3zLPtndr5LL'),
	(94218935, 'Clyde Talvanen', '2020-08-20 21:14:53.981439+00:00', '2020-08-20 21:14:53.981441+00:00', 1211383288, ''),
	(94239705, 'Ryne Andos', '2019-10-15 00:28:57.27869+00:00', '2019-10-15 00:28:57.278694+00:00', 1211383288, 'feIgpmF6yY_j5Il408tRAKh6O0iwHa72k3_C3-FuGdOvDwiR00J_sPIPZWszD1Zw'),
	(94262147, 'Toki Aivo', '2020-04-13 20:06:00.993662+00:00', '2020-04-13 20:06:00.993663+00:00', 98601602, ''),
	(94280097, 'Andi Nielsen', '2020-08-30 12:41:13.842776+00:00', '2020-08-30 12:41:13.842779+00:00', 98572627, 'rIQx7-OQPm0WWL6_zPVHkNdWiVMFVJxZkC4mbz0jlm8fMmqeo7n4OPXeK-vCVd46'),
	(94286952, 'Mord Utrigas', '2017-11-20 17:49:33+00:00', '2017-11-20 17:49:33+00:00', 98367024, 'MUsyteh34yICcF08a5LnvzTkZXESxxwnl5f94YjS43Ch8EK0agVvdtLkidUVvE_T0'),
	(94339913, 'Zal Hawkins', '2020-09-11 19:50:25.006197+00:00', '2020-09-11 19:50:25.006199+00:00', 98633005, ''),
	(94368297, 'Caravale Antollare', '2019-12-07 01:53:27.215807+00:00', '2019-12-07 01:53:27.215808+00:00', 98199279, ''),
	(94404138, 'Gaige Anarchy', '2019-09-07 18:28:30.400683+00:00', '2019-09-07 18:28:30.400685+00:00', 1000046, ''),
	(94423515, 'Fubar Philantis', '2019-09-03 17:28:35.252662+00:00', '2019-09-03 17:28:35.252664+00:00', 1000107, ''),
	(94486267, 'Shanglee Ultrigus', '2017-11-21 01:05:14+00:00', '2017-11-21 01:05:14+00:00', 98367024, 's--L1l_HBcHnvGMT338bjcfdrYr52eu6fULeCWNnvD9TPZEf3JOU8Zs5jE5C9Xcg0'),
	(94491641, 'Lynx Artrald', '2020-03-14 14:41:38.523428+00:00', '2020-03-14 14:41:38.523429+00:00', 917701062, ''),
	(94565859, 'shatnr matomin', '2020-10-01 16:50:13.067552+00:00', '2020-10-01 16:50:13.067555+00:00', 98367024, ''),
	(94594623, 'Tor Staal', '2020-05-26 09:05:38.245799+00:00', '2020-05-26 09:05:38.245801+00:00', 98367024, ''),
	(94598220, 'TheRageW', '2018-04-19 13:52:16+00:00', '2018-04-19 13:52:16+00:00', 98479075, '90-TfrWkJQNNGf5Zw3_cBfeMADFs1F5aw_YHESpjgfp-nQnm1Tl04P-6tgwgLx2t0'),
	(94630813, 'Kholdan Citatic', '2018-03-05 08:30:16+00:00', '2018-03-05 08:30:16+00:00', 1000066, ''),
	(94699979, 'Nienke Solette', '2020-04-22 22:13:47.125281+00:00', '2020-04-22 22:13:47.125282+00:00', 917701062, 'H_uk0gxu_8Opn9aEha91KMB22xEUDUI0h_Y9WJGNpSTyE41vMFWdLzPxxHlfUOwB'),
	(94716947, 'old capsuleer schneebley', '2017-12-20 04:26:43+00:00', '2017-12-20 04:26:43+00:00', 98367024, 'SL-4VR4gjli861kRZ8IrAJRr8urStHjzRILgjQT6gloV4vMYLtiz1gQ_O4GJ0DAa0'),
	(94717426, 'Campura Dadunur', '2019-09-03 17:28:38.176847+00:00', '2019-09-03 17:28:38.176848+00:00', 1000046, ''),
	(94754035, 'Megoste', '2019-09-03 17:28:38.704566+00:00', '2019-09-03 17:28:38.704567+00:00', 98199279, ''),
	(94760032, 'Rex Stetille', '2020-06-08 08:05:49.232263+00:00', '2020-06-08 08:05:49.232264+00:00', 1211383288, ''),
	(94763073, 'Krave Andrard', '2018-02-17 03:42:27+00:00', '2018-02-17 03:42:27+00:00', 98199279, 'C80NM2GcSPES4UY2bpec-YUPtVOwrFMDDzyG4uSr-z3LtSPjHEuWDNNHTFuMlkjr0'),
	(94791058, 'Baldur Huren', '2018-01-14 00:26:28+00:00', '2018-01-14 00:26:28+00:00', 1211383288, 'O_q1u-RWpfsIOFqMVdOcwo_vXxCeid0d1MOeBLYdB2_2_buRUAmZTBQQuOqhbNQt0'),
	(94798414, 'Hahn Vermellein', '2019-11-30 22:11:25.193447+00:00', '2019-11-30 22:11:25.193448+00:00', 1211383288, ''),
	(94808545, 'Dylan Gunner', '2020-05-28 01:05:43.915291+00:00', '2020-05-28 01:05:43.915293+00:00', 98644394, ''),
	(94894005, 'Atom Sphere', '2020-06-19 14:31:13.823875+00:00', '2020-06-19 14:31:13.823877+00:00', 495280655, 'ku5PFmgpJvFZTnZjkZoaznGY0yTmLGGWF3tS6IQSAK9XTMNYq9zT4VT7fu-vr_8q'),
	(94925912, 'Dave Inrasha', '2018-01-12 09:11:12+00:00', '2018-01-12 09:11:12+00:00', 1608628609, 'gUeO8cWRw5i2fv1kOtYztyTbxm2IfC_29wBc9jc0j7Lbco0ADrnYM0nJIB1pGYr_0'),
	(94944217, 'Nicola Beckett', '2019-12-14 09:53:23.91752+00:00', '2019-12-14 09:53:23.917521+00:00', 1211383288, ''),
	(94950415, 'Fubar Moses', '2019-09-03 17:28:40.695455+00:00', '2019-09-03 17:28:40.695456+00:00', 1000107, ''),
	(95002546, 'FireSequence', '2020-01-31 20:22:04.699869+00:00', '2020-01-31 20:22:04.699871+00:00', 98199279, 'z7aJlWZtcL8egJ5VF4IVAAy74OZ6EZBj6QzZMXa7HVUtRQHt3ATydIxRQj9dUiXm'),
	(95040147, 'CaptainThirsty', '2019-12-07 16:53:42.560633+00:00', '2019-12-07 16:53:42.560635+00:00', 98367024, ''),
	(95058518, 'Dark Roster', '2019-09-03 17:28:41.405916+00:00', '2019-09-03 17:28:41.405918+00:00', 1000107, ''),
	(95083177, 'Gale Kautsuo', '2020-08-18 22:14:52.303581+00:00', '2020-08-18 22:14:52.303584+00:00', 98491666, ''),
	(95091370, 'Chad Noobwalker', '2019-09-03 17:28:41.711134+00:00', '2019-09-03 17:28:41.711135+00:00', 1000006, ''),
	(95166632, 'Raoul Herrington', '2017-12-29 07:41:05+00:00', '2017-12-29 07:41:05+00:00', 98367024, 'cT7CoWZQ2M1UZyogMjXu2wKq5hkOALiU0tFiOQTZ1VplI0KE1TEgNCWoT-Z4enPh0'),
	(95190225, 'Darkon Chanlin', '2018-01-06 02:36:24+00:00', '2018-01-06 02:36:24+00:00', 98199279, '4t5jwB1l_IPDkyDc55pcfFZXtygn-Z_-PMFEkw35oKfzABOvXA4aeHcmf3ljiSEq0'),
	(95200608, 'Young Capsuleer Schneeblette', '2018-03-05 08:18:54+00:00', '2018-03-05 08:18:54+00:00', 1000014, ''),
	(95211775, 'Kishar en Bauldry', '2019-09-16 14:16:28.645403+00:00', '2019-09-16 14:16:28.645404+00:00', 98504356, ''),
	(95219043, 'Emily Solette', '2019-09-03 17:28:43.305662+00:00', '2019-09-03 17:28:43.305663+00:00', 98566528, ''),
	(95222114, 'Opus', '2020-02-09 07:32:51.475035+00:00', '2020-02-09 07:32:51.475037+00:00', 98390683, ''),
	(95336776, 'Razor Orlenard', '2020-05-22 22:31:00.677549+00:00', '2020-05-22 22:31:00.677552+00:00', 1211383288, 'eCJ4z89Lt3VKSo2mngtlQ_6b024yLhGT39bgXGIJ1wvguM3lpKS04LJsBjOGgv-2'),
	(95340025, 'Sunny Dai', '2019-09-05 18:23:42.047851+00:00', '2019-09-05 18:23:42.047852+00:00', 98199279, 'vidFZz_hNQV_tLVeYKpDHTmvWIXOnVpbXCL0IXnGrG24MzX5sv-JUqbB5wbyb46e'),
	(95363598, 'Aaron Ivy', '2020-09-11 19:50:31.391685+00:00', '2020-09-11 19:50:31.391687+00:00', 98611445, ''),
	(95364981, 'Soul Online', '2019-09-03 17:28:45.32115+00:00', '2019-09-03 17:28:45.321151+00:00', 1000001, ''),
	(95367698, 'Crazy Jake Marquis', '2019-09-03 17:28:47.750208+00:00', '2019-09-03 17:28:47.750209+00:00', 98367024, ''),
	(95445012, 'Pilot MXCVI', '2018-03-29 03:43:57+00:00', '2018-03-29 03:43:57+00:00', 98390860, '7WGGHt0N7a_obJrbA-3HZLhsstCX443JTgIuY66Ti8cYBb_IfigloFuOMJpL1Lw70'),
	(95485171, 'Omega Minus', '2018-01-17 05:27:04+00:00', '2018-01-17 05:27:04+00:00', 98199279, 'C2FeLVseZkC1miGPvkSpGjSW7fGV7MS0pojntLrX7fFrGGTnQfxFDKFrBMGQAaSj0'),
	(95509022, 'Lord Kalus', '2020-08-07 06:49:36.475939+00:00', '2020-08-07 06:49:36.475941+00:00', 98634472, ''),
	(95529291, 'Hexius Ormand', '2019-09-03 17:28:50.227022+00:00', '2019-09-03 17:28:50.227023+00:00', 1000107, ''),
	(95541642, 'Kahlarion Mikov', '2019-09-03 17:28:50.836252+00:00', '2019-09-03 17:28:50.836253+00:00', 1000107, ''),
	(95599585, 'Wendy Valentino', '2018-01-11 08:36:48+00:00', '2018-01-11 08:36:48+00:00', 98422478, '5eC8hq2t2ZQpsVr9Ywo4piE3JWaEb8Nqfa57ur-BP-tE3_dxQ139GiaSIcjQ0lBZ0'),
	(95616624, 'The Backpackface Unknown', '2020-05-27 23:05:45.099915+00:00', '2020-05-27 23:05:45.099918+00:00', 869043665, ''),
	(95629521, 'Captain Ace Rico', '2018-05-14 10:41:28+00:00', '2018-05-14 10:41:28+00:00', 98559478, ''),
	(95652770, 'Fedor Hozinski', '2019-09-03 17:28:51.925835+00:00', '2019-09-03 17:28:51.925837+00:00', 1000107, ''),
	(95724522, 'Ramzas Fasttrack', '2020-06-12 13:03:16.638781+00:00', '2020-06-12 13:03:16.638782+00:00', 98644394, ''),
	(95750205, 'Kolaghan StormsFury', '2019-12-05 02:53:22.541639+00:00', '2019-12-05 02:53:22.541641+00:00', 98402049, ''),
	(95762603, 'Tekucina Rod', '2020-03-29 22:49:15.209245+00:00', '2020-03-29 22:49:15.209246+00:00', 1000111, ''),
	(95764704, 'Orlav Aldent', '2020-06-27 22:46:49.724392+00:00', '2020-06-27 22:46:49.724394+00:00', 98534343, ''),
	(95780112, 'hapser alt', '2020-06-12 13:03:17.494208+00:00', '2020-06-12 13:03:17.494209+00:00', 98544352, ''),
	(95831391, 'Peter Von Pilot', '2020-06-03 17:45:56.693395+00:00', '2020-06-03 17:45:56.693397+00:00', 98199279, 'DzCy4DMr344ZwUSCjK7Zd-SKlRWSJ2jdJ686qIaD1PIU7tt9xdSNsTnt3wSQlfex'),
	(95844707, 'Callisto Menkalinan', '2019-10-04 17:57:48.755334+00:00', '2019-10-04 17:57:48.755335+00:00', 98568584, ''),
	(95876157, 'Hillary Clinton Ongrard', '2020-09-03 05:15:04.690994+00:00', '2020-09-03 05:15:04.690996+00:00', 98630705, ''),
	(95910045, 'Vin TheVicious Izia', '2020-01-17 00:27:23.344294+00:00', '2020-01-17 00:27:23.344295+00:00', 1211383288, 'Ofwuby_x-rERAdDLcibXwEEjplQSLpkYJyFu8IfWvPNfHE-wjk0h5ZqovBswfh-Q'),
	(95921112, 'Ezra Tapega', '2018-04-28 02:21:23+00:00', '2018-04-28 02:21:23+00:00', 1000046, ''),
	(95927691, 'Mihnea Flattery', '2019-09-03 17:28:57.62776+00:00', '2019-09-03 17:28:57.627761+00:00', 1000006, ''),
	(95955817, 'Otago Dogwalker', '2019-09-03 17:28:58.336489+00:00', '2019-09-03 17:28:58.33649+00:00', 98169165, ''),
	(96006446, 'Bogdan Strela', '2020-07-17 20:28:06.84988+00:00', '2020-07-17 20:28:06.849881+00:00', 98285152, 'QeKXlTL2RKiypgqCdh-475ebZ01Pl-oKR1l0oop7pMbwdcueSrocaG0XSYziRYWG'),
	(96035849, 'Aegor Redd', '2019-09-03 17:28:58.505603+00:00', '2019-09-03 17:28:58.505605+00:00', 1000111, ''),
	(96042373, 'Arien Licinius', '2019-09-14 11:12:51.088637+00:00', '2019-09-14 11:12:51.088639+00:00', 98607787, ''),
	(96090951, 'Vala Azar', '2019-10-05 07:25:45.726305+00:00', '2019-10-05 07:25:45.726335+00:00', 685495596, ''),
	(96095282, 'Cail Amelana', '2019-10-11 17:46:57.675964+00:00', '2019-10-11 17:46:57.675966+00:00', 98616830, ''),
	(96099611, 'Chocodiles', '2019-09-03 17:29:00.035657+00:00', '2019-09-03 17:29:00.035658+00:00', 1000006, ''),
	(96117621, 'Arathaert Dunedain', '2020-03-21 17:44:09.546587+00:00', '2020-03-21 17:44:09.546589+00:00', 1211383288, 'UJUMQCaTjQjXsr9shRgSYVnguzY9Tj4k0ibw-jeIo9pypn63pirIefR_kD6N2dGF'),
	(96132586, 'Rika Dee', '2020-01-16 19:33:47.424253+00:00', '2020-01-16 19:33:47.424254+00:00', 98367024, ''),
	(96133540, 'Arielle en Distel', '2020-06-20 23:02:51.384171+00:00', '2020-06-20 23:02:51.384172+00:00', 98436313, ''),
	(96174390, 'Tenzen Yakusji', '2020-04-19 21:05:44.784296+00:00', '2020-04-19 21:05:44.784297+00:00', 1753357224, ''),
	(96206020, 'Uberone Eto', '2020-09-11 19:50:36.735402+00:00', '2020-09-11 19:50:36.735403+00:00', 98652437, ''),
	(96206924, 'Tsalina Blackmoon', '2019-11-23 20:11:38.609622+00:00', '2019-11-23 20:11:38.609626+00:00', 1211383288, ''),
	(96253691, 'Ersin Oghuz', '2020-01-16 19:33:48.937292+00:00', '2020-01-16 19:33:48.937293+00:00', 773499566, ''),
	(96313665, 'InFurno Affair', '2020-06-12 13:03:21.340039+00:00', '2020-06-12 13:03:21.340041+00:00', 98389204, ''),
	(96318629, 'Phill Millem', '2019-09-18 19:05:22.297862+00:00', '2019-09-18 19:05:22.297864+00:00', 98199279, 'bJkRKWci8mE3NKtkp9sb3Qoae8xP-YWyUjSjAeGyJKCpmk7scWAjIBm1ApwldAi-'),
	(96336117, 'Fisher Kel', '2019-10-05 09:18:46.001685+00:00', '2019-10-05 09:18:46.001686+00:00', 98443830, ''),
	(96362650, 'Bootz Splora', '2020-01-16 19:33:49.948632+00:00', '2020-01-16 19:33:49.948634+00:00', 98367024, ''),
	(96381562, 'Varian Kargath', '2020-05-28 09:05:57.805072+00:00', '2020-05-28 09:05:57.805075+00:00', 98644394, ''),
	(96381645, 'Finn Cordova', '2019-09-03 17:29:02.826305+00:00', '2019-09-03 17:29:02.826306+00:00', 1000001, ''),
	(96407946, 'Bolton Hekard', '2020-04-26 22:05:49.286+00:00', '2020-04-26 22:05:49.286002+00:00', 98199279, '');

INSERT INTO characters (character_id, character_name, inserted_dt, updated_dt, corporation_id, token) VALUES
	(96481537, e'Xel\'lotath Tier', '2020-01-20 21:45:58.827292+00:00', '2020-01-20 21:45:58.827295+00:00', 98523718, 'b8k1ijF4-mRPpEw3vR9e95eXCX2PcsWblLIuV1yBh8Y6L83_oGJxx-yceQllnnlV'),
	(96541138, 'zukashikute tokushimo', '2020-07-18 22:56:12.452522+00:00', '2020-07-18 22:56:12.452524+00:00', 98447592, ''),
	(96566500, 'Talirim Aldeland', '2018-01-26 06:08:55+00:00', '2018-01-26 06:08:55+00:00', 1000046, ''),
	(96593121, 'Farrah Eullon', '2018-01-31 23:36:14+00:00', '2018-01-31 23:36:14+00:00', 98199279, 'ho8F34kMyO0CzSR68kJXStBcbbra3fEXxkG16QPfpUkWv_nbWjDvOiErICBsIEZY0'),
	(96597421, 'Sam Wreck', '2020-03-20 18:49:14.71189+00:00', '2020-03-20 18:49:14.711891+00:00', 98199279, ''),
	(96611138, 'Shaddow Aldent', '2020-04-06 09:20:36.412164+00:00', '2020-04-06 09:20:36.412165+00:00', 98630815, ''),
	(96617903, 'OuttaMyMine Utama', '2020-01-21 12:32:44.627115+00:00', '2020-01-21 12:32:44.627116+00:00', 1000009, ''),
	(96660035, 'William Reiker', '2020-03-25 19:21:32.678827+00:00', '2020-03-25 19:21:32.678829+00:00', 98199279, 'pfaZgV45eJy8otsM1B6MJKdgOOIs2b7Erlsk-7Bd6HnG-bPRjNN6xV3UaNSzxAka'),
	(96691614, 'Morr Graz Xariv', '2020-07-04 14:46:37.208575+00:00', '2020-07-04 14:46:37.208577+00:00', 1211383288, ''),
	(96795473, 'Kanza Katsuo', '2020-03-20 17:49:17.891017+00:00', '2020-03-20 17:49:17.891019+00:00', 1000006, ''),
	(96808458, 'Rashar', '2020-10-06 21:49:44.29296+00:00', '2020-10-06 21:49:44.292963+00:00', 1000080, ''),
	(96818352, 'Sharik Woland', '2019-09-03 17:29:06.329626+00:00', '2019-09-03 17:29:06.329627+00:00', 1000006, ''),
	(96821099, 'masonk', '2020-05-21 23:05:38.342654+00:00', '2020-05-21 23:05:38.342655+00:00', 1831131676, ''),
	(96861492, 'John Charger', '2020-05-22 21:05:51.971953+00:00', '2020-05-22 21:05:51.971955+00:00', 1000107, ''),
	(96862927, 'Baldr Gallente', '2019-09-03 17:29:06.942702+00:00', '2019-09-03 17:29:06.942703+00:00', 1000107, ''),
	(96904941, 'Bael Ambraelle', '2019-09-03 17:29:07.372284+00:00', '2019-09-03 17:29:07.372286+00:00', 1000107, ''),
	(96932638, 'Trixie Lapin', '2019-11-25 18:45:50.560363+00:00', '2019-11-25 18:45:50.560365+00:00', 98199279, 'nUC1DJmCPAf1E0CLRhEldZecF0NKdGT-1ChE3i83oSg_yOq9c0f9QDWcwPulHDW3'),
	(96959191, 'Damon Riker', '2020-01-16 19:33:55.106462+00:00', '2020-01-16 19:33:55.106463+00:00', 1000107, ''),
	(96971944, 'cara Hakaari', '2020-06-27 19:02:53.736548+00:00', '2020-06-27 19:02:53.736567+00:00', 1000009, ''),
	(96975086, 'Mike Ahrmahk', '2020-07-18 14:56:12.826634+00:00', '2020-07-18 14:56:12.826636+00:00', 98293349, ''),
	(97036997, 'Palydin Augustus', '2020-09-16 05:49:50.318624+00:00', '2020-09-16 05:49:50.318625+00:00', 98633005, ''),
	(97066764, 'Sejuia Shurtugal', '2020-01-27 18:56:43.796002+00:00', '2020-01-27 18:56:43.796005+00:00', 1211383288, ''),
	(97073576, 'p0 Wyatt', '2020-07-09 02:11:31.938809+00:00', '2020-07-09 02:11:31.93881+00:00', 98199279, 'aMqD1cFvMTPEsDK9lV6vF3Nptf2_OmBDvCZcOLDetUZCeAifzk-obXIphI71mGf8'),
	(97139844, 'Fox McFoxy', '2020-02-14 19:37:35.546729+00:00', '2020-02-14 19:37:35.546731+00:00', 98514189, '3Li9qm81MRmjGoZHGoscn517wU2saS2XcaY2Bgv9CArWEgoNG0YeCiRT6Df1vgDJ'),
	(97182925, 'Chrystal Stone', '2018-04-01 21:57:59+00:00', '2018-04-01 21:57:59+00:00', 1211383288, ''),
	(97208200, 'Harambe-san Ozuwara', '2019-09-03 17:29:09.756824+00:00', '2019-09-03 17:29:09.756825+00:00', 1000014, ''),
	(97226073, 'Palydin', '2020-09-19 19:50:22.220821+00:00', '2020-09-19 19:50:22.220824+00:00', 98633005, ''),
	(97244802, 'Zauraac MC', '2017-12-31 04:39:45+00:00', '2017-12-31 04:39:45+00:00', 98199279, '7KIKSbO_QiuOXugTSNDid0pjammmklKnQ0qsxQ7ll8Rm1QOWaL1FNzohCuY371w-0'),
	(107044603, 'roundhouse76', '2020-01-23 21:52:00.106568+00:00', '2020-01-23 21:52:00.10657+00:00', 98514189, 'JZ9con0gHuiDM93uLKBRGf245c_UcMRpN3h2ligeMqiVcKL5OibuW12yV3bb2vy8'),
	(115226708, 'Xzarra', '2020-05-25 12:05:50.589355+00:00', '2020-05-25 12:05:50.589356+00:00', 98447592, ''),
	(139803091, 'kalosos', '2020-10-07 12:38:54.519573+00:00', '2020-10-07 12:38:54.519575+00:00', 98525656, ''),
	(140394938, 'Halt Tranty', '2019-11-21 10:13:21.435771+00:00', '2019-11-21 10:13:21.435772+00:00', 1211383288, ''),
	(144512516, 'Rafe Zetter', '2020-03-10 00:53:15.228419+00:00', '2020-03-10 00:53:15.22842+00:00', 98564734, 'SjRTwYqgsJUut58L_tZmTSn3x6uYhANnNisf2Wdo1zQtAyyaYRGDHVbz2a1kBcSn'),
	(156357772, 'Beirut Papa', '2018-04-05 00:33:39+00:00', '2018-04-05 00:33:39+00:00', 98199279, '1d-ZiEQmaSOTWctPOFl6io9DADKPn0KFcuYQ0igdrXPhAyFzP9GxCDyQog5g1SKa0'),
	(161499579, 'Narook', '2017-06-10 05:16:10+00:00', '2017-06-10 05:16:10+00:00', 1211383288, 'eNB07SrHJdzcQ1yQmKZhulhpi0dplTw8nJDA31pRhImyQ_mQG9yXDRjP9xy1zZDQ0'),
	(172043007, 'Devlin Shardo', '2017-12-31 04:43:26+00:00', '2017-12-31 04:43:26+00:00', 98199279, 'I0gK5JGW3MVqdPWFh5ZYKZbgLHe9O5beVdrqYoI-3x929iqE4U_xTHCXKvGt4Bjr0'),
	(172146240, 'Sirrius VosBiznzz', '2020-05-24 00:05:50.871949+00:00', '2020-05-24 00:05:50.871951+00:00', 98447592, ''),
	(187220470, 'Alaik', '2019-09-03 17:29:11.756952+00:00', '2019-09-03 17:29:11.756954+00:00', 1211383288, ''),
	(190909799, 'Stray Kat', '2020-02-07 10:02:03.272801+00:00', '2020-02-07 10:02:03.272803+00:00', 1211383288, 'zaNq1M8xWL0S9fCZvkJu0VgqsAQoi8dPllXExqbtKdJ_ADyVeCFgoA1vvOzEoPdR'),
	(190925406, 'Stickelback', '2018-04-24 23:10:33+00:00', '2018-04-24 23:10:33+00:00', 98199279, 'dDYuw9idPi_9cM8xt4vcwCx1hQBT1JYzS0pyQIpTjexifsyakKlPYt2kVPu-h9ub0'),
	(199498210, 'backbo throng', '2019-09-03 17:29:12.430371+00:00', '2019-09-03 17:29:12.430373+00:00', 1000107, ''),
	(204404862, 'cummingtonite', '2019-09-03 17:29:13.024871+00:00', '2019-09-03 17:29:13.024872+00:00', 1000111, ''),
	(204467911, 'Geo Crine', '2020-09-03 15:15:02.431159+00:00', '2020-09-03 15:15:02.431162+00:00', 917701062, ''),
	(204754159, 'gangsterstile', '2020-08-01 13:15:53.858071+00:00', '2020-08-01 13:15:53.858072+00:00', 98271660, ''),
	(216517242, 'ArchAngael', '2019-09-03 17:29:13.429939+00:00', '2019-09-03 17:29:13.42994+00:00', 1000111, ''),
	(224846390, 'Bluedagger', '2017-08-28 21:20:59+00:00', '2017-08-28 21:20:59+00:00', 98367024, 'vw4mDQ0bIiTR9vqJq2MQhAd2wn9gthiz6cG1Uw_BpO2PHLWJ0LuBQ_Mhd5RXknOS0'),
	(231364684, 'Saftsuze', '2019-09-03 20:28:19.361501+00:00', '2019-09-03 20:28:19.361503+00:00', 98199279, ''),
	(242537709, 'smudge245', '2020-02-02 05:32:55.901558+00:00', '2020-02-02 05:32:55.901559+00:00', 98199279, ''),
	(245073304, 'Rixx Javix', '2017-12-31 21:11:45+00:00', '2017-12-31 21:11:45+00:00', 98199279, 'jvbNjQnbUIjxCU-Timf-ffBtXwn5TaEdVpBiDDGw5Ca3x6rAG4QpS5Z43S5_5UPM0'),
	(248677328, 'serend1p1ty', '2019-10-12 08:09:12.563337+00:00', '2019-10-12 08:09:12.563338+00:00', 629318977, ''),
	(249907718, 'Jaebodiah', '2020-06-12 13:03:30.55966+00:00', '2020-06-12 13:03:30.559662+00:00', 98199279, ''),
	(275355018, 'Aeris Stargazer', '2020-08-02 02:56:13.143266+00:00', '2020-08-02 02:56:13.143267+00:00', 98645934, ''),
	(277324054, 'Spar Jamlamin', '2018-01-31 23:44:36+00:00', '2018-01-31 23:44:36+00:00', 98199279, 'Aive1Ro4jzVHYFkZGPoVDncKA03MgW5ZaXFWGDwfnvgpp1yXPW9r_X_5YhngIFku0'),
	(291114245, 'CptVideo', '2020-10-01 06:50:11.55801+00:00', '2020-10-01 06:50:11.558011+00:00', 1211383288, ''),
	(298313416, e'No\'vac', '2020-02-26 19:11:32.891332+00:00', '2020-02-26 19:11:32.891333+00:00', 98199279, ''),
	(307932200, 'Fire Bush', '2018-01-06 01:48:15+00:00', '2018-01-06 01:48:15+00:00', 98199279, 'RSUNbhX0I-jZtmMDRZ9N7dMFsjOLtKRqCu644GSVmJGycy2wzHOVvakwth_Ryb1M0'),
	(315363291, 'BorisKarlov', '2018-03-20 20:53:12+00:00', '2018-03-20 20:53:12+00:00', 1000066, ''),
	(349612851, 'Who Flung', '2020-05-25 12:05:51.801198+00:00', '2020-05-25 12:05:51.801201+00:00', 98447592, ''),
	(351218575, 'Kuzure Okame', '2019-09-16 14:08:46.619066+00:00', '2019-09-16 14:08:46.619068+00:00', 98232206, ''),
	(374043456, 'Khaemwese', '2018-01-24 13:28:10+00:00', '2018-01-24 13:28:10+00:00', 98199279, '8lSwHLvY5SVQs4QCvwLafXA9aT278sH8_pqqcyJpbnOZ3oKFHF_rkM9SpajYMDBy0'),
	(382035642, 'Xavier Kaine', '2020-06-12 13:03:31.990788+00:00', '2020-06-12 13:03:31.99079+00:00', 98644650, ''),
	(409416169, e'Cap\'n Schmitty', '2019-09-03 17:29:16.073876+00:00', '2019-09-03 17:29:16.073903+00:00', 1000006, ''),
	(409891337, 'Sakura Nihil', '2018-04-17 05:17:53+00:00', '2018-04-17 05:17:53+00:00', 98458868, 'i9XPaw_D-5Q7t7nQkTbXlae7ApD5Mer4JHpnML9D-cpb_gFMIWUeuykYEVE-aRAh0'),
	(416614994, 'Nila Talluc', '2020-04-04 18:20:47.167861+00:00', '2020-04-04 18:20:47.167863+00:00', 98479075, ''),
	(422517321, 'Sevjer', '2018-03-30 13:12:48+00:00', '2018-03-30 13:12:48+00:00', 98199279, 'MjbohQyKxEoDKcMWnMtuGdyk8lWcI_HAHWYCqKnudm4v1fweSlzSzI-8pQWGtj2f0'),
	(436572365, 'His J', '2020-05-31 10:06:11.305898+00:00', '2020-05-31 10:06:11.305901+00:00', 98199279, ''),
	(460481431, 'Syds Sinclair', '2020-05-28 14:05:54.746865+00:00', '2020-05-28 14:05:54.746866+00:00', 1000111, ''),
	(464574514, 'BoilerDelt', '2019-09-03 17:29:17.25921+00:00', '2019-09-03 17:29:17.259212+00:00', 1000114, ''),
	(484393809, 'MacGybo', '2020-05-08 02:05:54.580306+00:00', '2020-05-08 02:05:54.580308+00:00', 98199279, ''),
	(495692853, 'Riddick Ulust', '2020-04-09 02:14:20.660987+00:00', '2020-04-09 02:14:20.660988+00:00', 1395059590, ''),
	(509248129, 'Ramdar Chinken', '2018-02-27 22:24:42+00:00', '2018-02-27 22:24:42+00:00', 98549166, ''),
	(542490655, 'Marc Callan', '2017-12-31 09:34:46+00:00', '2017-12-31 09:34:46+00:00', 1211383288, 'y5CxVWulx2tbBS0M1xpzC5X6SRuYApTgyTDm6EznhsH00dtmlx1xlG44zeTZfa700'),
	(558999710, 'Exoddious', '2019-09-03 17:29:18.259831+00:00', '2019-09-03 17:29:18.259832+00:00', 1000006, ''),
	(573491066, 'Thunderdomebaby', '2019-11-12 18:13:48.436507+00:00', '2019-11-12 18:13:48.43651+00:00', 98199279, 'qmtZbTrvzNnFjnmep2A9Qr3bdqwC67MDEIMwI_C3f6TzowcAshMZUh-zoVNbhXyi'),
	(579857965, 'Aoebe', '2018-03-08 21:30:46+00:00', '2018-03-08 21:30:46+00:00', 1211383288, '7-YBWb7Fi_x8o3ysa1NyKwRqjn7HpIWDgYS_Hq9XYUlSj8CriFiBI5Oe7cYOgab10'),
	(581269197, 'CEO Gongerdk', '2020-01-16 19:34:06.123914+00:00', '2020-01-16 19:34:06.123915+00:00', 98367024, ''),
	(584122386, 'Mungurr', '2020-06-27 22:47:03.069399+00:00', '2020-06-27 22:47:03.069401+00:00', 98407038, ''),
	(587794656, 'Oddsodz', '2020-10-07 12:39:01.028318+00:00', '2020-10-07 12:39:01.02832+00:00', 98553095, ''),
	(595984478, 'Langur', '2019-09-03 17:29:19.398598+00:00', '2019-09-03 17:29:19.398599+00:00', 1000060, ''),
	(604079872, 'Nabil Awad', '2019-11-12 00:13:38.468675+00:00', '2019-11-12 00:13:38.468677+00:00', 1211383288, ''),
	(604113547, 'Sadic Anark', '2017-12-31 08:49:14+00:00', '2017-12-31 08:49:14+00:00', 98199279, 'qKW4ZSVGt7Q8C_mqbK_P82-PWsHO6lpCjeMrBe7uGo1mT99bMh8BiY9MIZHC0nod0'),
	(608237436, 'Random McNally', '2018-04-25 05:06:41+00:00', '2018-04-25 05:06:41+00:00', 98199279, 'UV7xVc30tW7mueMJ1-rDipVGPmIuzA29InAOD4OvAU2cq1ebAdvbKEsdDH7skhiu0'),
	(611084221, 'No Thing', '2020-05-29 09:12:27.527451+00:00', '2020-05-29 09:12:27.527454+00:00', 98533144, ''),
	(621692398, 'Tenacious Devil', '2019-11-12 18:15:55.233534+00:00', '2019-11-12 18:15:55.233535+00:00', 1211383288, '-Ftu8pCPrVzr_KfCj5kHYH6Fb4skr2okcQCEDMxBNcZ9rZPZ_cXZx-NN6SMP96RB'),
	(639022098, 'alorus', '2020-02-19 00:58:21.081025+00:00', '2020-02-19 00:58:21.081026+00:00', 1000044, 'hiZ-3I_KfkzAm6U-3ljsj6g_c_dYAk-M8dRiropc6N1PA147e2vfAi1JOqWtNr8A'),
	(639876113, 'Sebesto', '2017-11-19 02:27:51+00:00', '2017-11-19 02:27:51+00:00', 98367024, 'DZTIUUS1sW4XmLUx1lXPBbny2GP5n-KQXaPiqV3JJFohM2vJLck_JblLD--34r260'),
	(660253374, 'Tarnack', '2020-07-24 17:56:20.380415+00:00', '2020-07-24 17:56:20.380417+00:00', 1000111, ''),
	(673712203, 'lasterax', '2020-09-24 00:49:45.861285+00:00', '2020-09-24 00:49:45.861286+00:00', 544199803, ''),
	(695815974, 'Lufax', '2017-12-31 17:27:17+00:00', '2017-12-31 17:27:17+00:00', 98199279, 'dKGejFIM8DAxsXKmKi-XmQ9g3U_q35XTdaZ0tHmfqBx4wgU8mHjdkVQGUgFb-HKY0'),
	(709614706, 'Zreaper UK', '2020-05-13 13:05:42.11991+00:00', '2020-05-13 13:05:42.119913+00:00', 98005120, ''),
	(712168670, 'Braellain', '2018-01-22 00:36:37+00:00', '2018-01-22 00:36:37+00:00', 98199279, 'E944KytYrnn7QAdzJcwwYCmMO7quSZuJSw1k73x-uZhRCbl1FGJ9Jfxp0eSz1q3G0'),
	(715793276, 'Temperance Brennon', '2020-05-31 04:05:46.665961+00:00', '2020-05-31 04:05:46.665963+00:00', 98199279, ''),
	(715921196, 'OpusMagnum', '2020-02-09 13:32:56.166816+00:00', '2020-02-09 13:32:56.166818+00:00', 98390683, ''),
	(723477754, 'Begrezen', '2020-08-09 14:52:19.047594+00:00', '2020-08-09 14:52:19.047597+00:00', 98199279, 'eMnZOlGDkuUlvwUqugpaeCjjG2dHk2Sxl_h4K2b7Af3W5t6Fc-TkkhucoCJx-kZR'),
	(741313216, 'Sokolnikov', '2020-05-24 18:05:51.458008+00:00', '2020-05-24 18:05:51.458011+00:00', 98519717, ''),
	(752410442, 'Carmen Electra', '2020-07-11 15:46:33.669163+00:00', '2020-07-11 15:46:33.669165+00:00', 98250435, ''),
	(754516770, 'Celoris', '2020-02-17 19:25:24.024593+00:00', '2020-02-17 19:25:24.024595+00:00', 98447592, 'p9pT4AcjF0WiGKifJT4u14GmZYWdjmCZZBuBeJv3bgtB64gkQ_R0Ncg12kzJSrmp'),
	(756294844, 'Cervantes Marovinjun', '2017-12-31 16:23:27+00:00', '2017-12-31 16:23:27+00:00', 98199279, 'inODEenpvvWH_PT5HxZ-_OBzKkkSffemfK6Hz1rlWzweZxxgLsDb1i-MdpSU3wXL0'),
	(774599234, 'Chazh Vogaenen', '2020-03-29 20:49:23.446082+00:00', '2020-03-29 20:49:23.446084+00:00', 98479075, ''),
	(783407242, 'Patrick Kell', '2017-12-09 07:27:47+00:00', '2017-12-09 07:27:47+00:00', 98367024, 'oR1F8-RXP8P2qLyJC-_x3uz37HTTmAkLqieR5VaOGXn1kRX2u_9ej4V9lv3clZ280');

INSERT INTO characters (character_id, character_name, inserted_dt, updated_dt, corporation_id, token) VALUES
	(796708635, 'mordour', '2019-11-17 01:11:53.200986+00:00', '2019-11-17 01:11:53.200987+00:00', 1211383288, ''),
	(822621315, 'drondo', '2020-02-19 23:49:26.296871+00:00', '2020-02-19 23:49:26.296872+00:00', 135163554, 'KwYj2W2SJGcFU-DevILOXVXitCpq323LDk4GnAtyQe0M8osWzhbkcd9_E2CLiYwE'),
	(849762955, 'Wombat68', '2019-09-28 02:47:40.281682+00:00', '2019-09-28 02:47:40.281684+00:00', 1000009, ''),
	(870990656, 'Fatialis', '2019-09-03 17:29:24.134107+00:00', '2019-09-03 17:29:24.134108+00:00', 1000066, ''),
	(879547195, 'ARMORINE', '2017-12-27 08:25:08+00:00', '2017-12-27 08:25:08+00:00', 98367024, 'N6QTGLsWJRzlSD8bdqIc0hOXgJkn7xCTt1hzS5aTaakOJcWwrUlV4AuYQOF4QxLa0'),
	(882676013, 'ZenThunder', '2020-09-26 10:38:54.710947+00:00', '2020-09-26 10:38:54.71095+00:00', 98199279, 'Ze-h-hjFr_gBYtizNIO_Xr67aMaNdmjVg19x_NTg6a-_NVkYAqx1fQiiZPaTVzi6'),
	(890208342, 'Phoenix IV', '2020-02-10 08:32:48.206355+00:00', '2020-02-10 08:32:48.206356+00:00', 98199279, ''),
	(890266779, 'Loka Shaishi', '2018-04-19 22:34:40+00:00', '2018-04-19 22:34:40+00:00', 1208520764, 'l_VUyv-X7UMuuzvJsl33rTO-1JEoKTbQGvxWt5ELhTB1DjU4Neg2F3XYYJsmn5by0'),
	(898115249, 'atalanti', '2020-07-16 16:58:39.85971+00:00', '2020-07-16 16:58:39.859712+00:00', 98648475, ''),
	(900103797, 'Thoroughbreed', '2019-11-12 18:15:12.546185+00:00', '2019-11-12 18:15:12.546187+00:00', 1211383288, 'iEO-LdzTFcSbfL0byR4GVkCYFP6pRssVOK7hK3hU1YYtowKEDKy1Iz-ld0XQxLiZ'),
	(919939534, 'Hoss Cartright', '2020-06-21 22:02:48.951357+00:00', '2020-06-21 22:02:48.95136+00:00', 98199279, ''),
	(977120884, 'Nova745', '2019-12-20 21:35:43.504184+00:00', '2019-12-20 21:35:43.504186+00:00', 98572627, 'n6KUcJTod5qd6DpKd4wMP3YkjV58DQaFWeookyZ9hnJuZ_FpweVLkO99kLgHoMAk'),
	(1003289427, 'Flaglebag', '2018-01-02 23:21:24+00:00', '2018-01-02 23:21:24+00:00', 98199279, 'lVACKMb_VMXJSLkmA9tbcqHlppeFxXRy8LRbIEFlxXiuhYcw40AsJ-BBfIfhBQMk0'),
	(1032958199, 'Rob Swanson', '2020-05-25 19:05:52.826359+00:00', '2020-05-25 19:05:52.826362+00:00', 98447592, ''),
	(1049734783, 'Number 817', '2020-08-18 20:15:47.129021+00:00', '2020-08-18 20:15:47.129023+00:00', 98199279, 'DXeHpUcSIQgr9z_AZmWFI2skukg_CKrZZQXIs7-Mgwi21na_aE-sokvCFr7gB060'),
	(1058904581, 'Jorrien', '2019-12-16 22:14:08.373891+00:00', '2019-12-16 22:14:08.373893+00:00', 98572627, 'PKpRIqz31JQ1YKBcsCM0aNmo6UJd2ZVLNkTXwWqoBWP9Pf-8EY491kSnMvFNdHiM'),
	(1062382244, 'Dguliette', '2019-11-18 17:06:39.88203+00:00', '2019-11-18 17:06:39.882033+00:00', 98077601, '0C3t4-lym_iOYfJcNwCEwdx6Wyy1Ogw8pyrDjnJCSHEsFvZks59s3i-bGM-H4yAp'),
	(1063109673, 'Laioken', '2017-11-17 06:34:48+00:00', '2017-11-17 06:34:48+00:00', 98367024, 'ZgFlRepHu2blzXqnruzTXjwMcr4ygXFKU-fd-1p8qy1qp-RBm6M_A27ybljv0eah0'),
	(1070047610, 'Edwin Blackwell', '2020-01-31 18:24:00.682476+00:00', '2020-01-31 18:24:00.682479+00:00', 1211383288, 'pA2wVV2Bk9bbTqnmMlNknm_hSjDmnCBEO4ez1Cu6aHdll7ONZ9_8mHf3C_3oEhOD'),
	(1072780096, 'LinzyBorden', '2019-11-11 19:21:07.202281+00:00', '2019-11-11 19:21:07.202284+00:00', 1211383288, 'hypeTC_CXBGNMUjZ3BNrF9UWkuRrnDVHpJmi3d-_76esLwGAqG4SmRZcCafiTz6x'),
	(1097061939, 'Ghozer', '2020-02-08 02:08:36.363594+00:00', '2020-02-08 02:08:36.363596+00:00', 98447592, 'XHjvJptMUf1j-nRmWgH5uR4rbjySbyYYGe73RpUwJqaS7w1g1Ct1QMY0rZsxn0IZ'),
	(1102258078, 'Rhulaan', '2020-01-21 21:29:41.447852+00:00', '2020-01-21 21:29:41.447854+00:00', 98572627, 'u8WBuE9YschQz7Gwdzj-lBRYBPmQfTug6-3QHkkkOke953H07r8xDXN9GonLMeyG'),
	(1110275439, 'Cycle green', '2019-09-03 17:29:25.972262+00:00', '2019-09-03 17:29:25.972263+00:00', 1000014, ''),
	(1127613567, 'Exosphere', '2018-01-21 17:46:27+00:00', '2018-01-21 17:46:27+00:00', 98199279, 'ikNP6KkxXiFXR7LVDaowTWcv8BmlLxPKOEJwTHENsqXAMlxYRP4UdBYeemDNe0O50'),
	(1131787487, 'Centuria', '2020-08-29 06:15:29.632931+00:00', '2020-08-29 06:15:29.632933+00:00', 98151631, ''),
	(1136086615, 'Chorus Beck', '2020-08-03 06:56:18.330606+00:00', '2020-08-03 06:56:18.330608+00:00', 1894214152, ''),
	(1147312968, e'Vi\'ana', '2018-04-18 01:04:42+00:00', '2018-04-18 01:04:42+00:00', 98199279, 'I4A0nRBiXA8uFh_wHklX_ZW5nZhdwjaPhGQAEULEP4LiPDrq0cqBwcB8Z9my1lRr0'),
	(1183323256, 'Laudenum Hayes', '2018-04-25 05:17:45+00:00', '2018-04-25 05:17:45+00:00', 1211383288, '2WYwx0FyU4bXITcuTc87Pyuxzr2GfWgsDRscKAcCTXdP2zeT0_32gPHAOZtVi5aN0'),
	(1197650425, 'Chssmius', '2019-12-18 19:49:01.247523+00:00', '2019-12-18 19:49:01.247524+00:00', 731510113, 'clikaAv8WZjS7n-iGTmr9lu4gY_kcJNcfdjm35mMWJyYbiwqf3Yb2x29VCqwVLlR'),
	(1249524383, 'Sardoc', '2020-01-19 04:32:48.912574+00:00', '2020-01-19 04:32:48.912576+00:00', 1000049, ''),
	(1254907488, 'VonCaldari', '2018-01-27 03:12:56+00:00', '2018-01-27 03:12:56+00:00', 1608628609, 'YUzoMWKR2RihfQ9DFpSetWtjDzlyuhMw_H3300rQi_jAwzDaKyxJiJe8N_mS7f5e0'),
	(1284909298, 'Ametan', '2020-03-30 00:49:22.804353+00:00', '2020-03-30 00:49:22.804355+00:00', 98199279, ''),
	(1286843015, 'Arianna Athena', '2020-02-10 20:13:50.914283+00:00', '2020-02-10 20:13:50.914286+00:00', 98447592, '9aXgNgPhW8KIClXKmiXjH0in9c_-K0P8vupT9eYuHvRNvbxunO2HfhB0uGceKN8r'),
	(1303173120, 'Jacob Sullivan', '2019-09-03 17:29:28.456226+00:00', '2019-09-03 17:29:28.456227+00:00', 1211383288, ''),
	(1363236736, 'Johnnie Macaronis', '2018-04-29 00:08:37+00:00', '2018-04-29 00:08:37+00:00', 98199279, 'xkC0-tf6mB6vlv-7dHAiKYFj2KDsqsZc4VMj2uJ4gs-Gm4WwGfgrvRQSlszkxvZJ0'),
	(1396015663, 'Eldarin Gage', '2019-12-15 00:54:12.061826+00:00', '2019-12-15 00:54:12.061828+00:00', 98199279, ''),
	(1402311121, 'Ibn Taymiyyah', '2019-11-09 20:46:27.202907+00:00', '2019-11-09 20:46:27.202909+00:00', 98199279, 'XhZaUqM_MWkfYGfqHmVeJTyJ3QPiAzudWIJLJW69ul7QeUlsJIRRMVLBIiRAjHEi'),
	(1405051342, 'Fird', '2020-01-29 02:08:49.423842+00:00', '2020-01-29 02:08:49.423844+00:00', 98199279, 'B6mmgLgynXaTfFjhCLCX5R7Rdupq6RVhEwwrvkrV3aq9Q7-bH4nHvi10O8d9UKsK'),
	(1419035480, 'Moneie', '2020-07-12 23:46:31.476521+00:00', '2020-07-12 23:46:31.476524+00:00', 1000072, ''),
	(1421591475, 'Palinto Morex', '2020-08-23 01:15:28.165154+00:00', '2020-08-23 01:15:28.165156+00:00', 98575255, ''),
	(1423972365, 'Mystery Digger', '2020-06-13 01:02:50.482603+00:00', '2020-06-13 01:02:50.482605+00:00', 1000001, ''),
	(1431226827, 'Ion Rawpack', '2020-09-03 08:14:49.532206+00:00', '2020-09-03 08:14:49.532209+00:00', 1000014, ''),
	(1447318926, 'Horza Tareem', '2019-10-07 06:46:35.675853+00:00', '2019-10-07 06:46:35.675855+00:00', 98473505, ''),
	(1476720989, 'GateTrasher', '2019-09-03 17:29:30.148164+00:00', '2019-09-03 17:29:30.148166+00:00', 1000009, ''),
	(1499155271, 'donjose', '2018-01-04 05:20:02+00:00', '2018-01-04 05:20:02+00:00', 1608628609, 'R_esnwUpeglIsQygDKvBJM8qqdwSiq8aGorVtYPZQ92J7k0bIGtrDq7p5pNbXfj20'),
	(1522931526, 'Splendorfire', '2020-05-03 20:05:52.866283+00:00', '2020-05-03 20:05:52.866285+00:00', 98639501, ''),
	(1560787999, 'Anais Castells', '2018-01-08 11:40:08+00:00', '2018-01-08 11:40:08+00:00', 98199279, 'gls8DBK9FT5TqciMpx-2tXSIRjrXciDagPAtDwino_NO9p78E4pUR5NtJZIall7C0'),
	(1564073956, 'Blueclaws', '2018-04-09 06:14:40+00:00', '2018-04-09 06:14:40+00:00', 98199279, 'caEGPY-bwNymz4VC86D1vxvvm1cPM-YfL8UgvYYODIcIbbX_CDIbJa0UlXExwHfI0'),
	(1575639360, 'Knug LiDi', '2017-11-25 02:44:11+00:00', '2017-11-25 02:44:11+00:00', 1705300610, 'DY3o04vFI1X6kyskhtZpb0alSCJo7ZkKlUqPR0PEp8gyLcaS3I3Rl41tiTfTDzDN0'),
	(1614734628, 'Razesdarked', '2020-05-19 08:05:49.69385+00:00', '2020-05-19 08:05:49.693852+00:00', 98199279, ''),
	(1626203198, 'QueenSiana', '2019-12-03 03:53:50.508608+00:00', '2019-12-03 03:53:50.508609+00:00', 98516206, ''),
	(1640072369, 'YurisOsef', '2020-04-18 02:45:55.277799+00:00', '2020-04-18 02:45:55.277799+00:00', 98475855, 'zwuQKOC0MEV9PK13EWo35k-iR6WCW92-j8tfJkHsQ5mhwTvDq2SSs0gHnmciF0jS'),
	(1677436305, 'Lenor Vekera', '2017-11-17 03:46:12+00:00', '2017-11-17 03:46:12+00:00', 98367024, 'LHmAXnDT2XohqGN7EAyttgX1hHSHHhn43hbvx1dftmqDg9O26N9TRx_ZUQl-UAZs0'),
	(1714660765, 'ebolacoil', '2019-12-20 20:53:13.605056+00:00', '2019-12-20 20:53:13.605058+00:00', 98572627, 'kXmA6iHJHzremDP4_L3m4pQuloMpILqS_bnKvfOfFWFnk5oSODPdeP1mJcmdGpwA'),
	(1731593263, 'Claus Ferron', '2018-04-22 23:45:25+00:00', '2018-04-22 23:45:25+00:00', 98490588, '-CxX7v21FsoP2jFe5uBBMSBgE6rCU4iqk2lFvrGZs4pxZ8tP5F_ce2nKKIQpNFmj0'),
	(1752319714, 'Cyrror', '2018-04-19 06:59:27+00:00', '2018-04-19 06:59:27+00:00', 98425418, ''),
	(1755057940, 'Smokie245', '2020-02-09 09:04:21.107578+00:00', '2020-02-09 09:04:21.10758+00:00', 98199279, 'Xf4OwZV1V1xkFo4h91xT92XLvTk1XLfJjZBrKPJ_iAqMgwgmQYLoU3ZRXzHat-yy'),
	(1760287586, 'Duncan Feldane', '2017-12-30 04:20:44+00:00', '2017-12-30 04:20:44+00:00', 98367024, 'DWNVE3VOlrMeTMhYCTlCg0mRYjm-z7EsmJlzZpRZRfnrCouRBW3AOeaSfIvBr-wX0'),
	(1780692465, 'NanoSpirit', '2018-01-26 05:44:10+00:00', '2018-01-26 05:44:10+00:00', 98199279, 'p_RxIwMqOGBmfA-AjZ5c8ddyp_vLV77IqUG-Jn6Llzb9pyBoHmvj7Yhuo8y2aADS0'),
	(1795122955, 'dazz1505', '2020-07-30 03:56:16.133655+00:00', '2020-07-30 03:56:16.133657+00:00', 1211383288, ''),
	(1852965925, 'Kasal Twostar', '2019-11-13 20:19:21.560813+00:00', '2019-11-13 20:19:21.560814+00:00', 98199279, 'w8PcqlSA-g0FpL1v-WExq6liFK1zMKLVHZTHJN5aNcrCVVQ75jO4_JzESAhuOn6M'),
	(1911443749, 'moonscreamer', '2020-04-02 21:38:55.402699+00:00', '2020-04-02 21:38:55.402702+00:00', 98418288, 'swJQHQeHow3TMxSSjjiTIIfqgYeiAcqHIX8_l6ohEdfZHjHaYtrEyAOLTXrdQz2b'),
	(1944236199, 'Link0n', '2018-03-08 01:00:18+00:00', '2018-03-08 01:00:18+00:00', 98199279, 'RwSfwfsbBCNlzOHmIWiXwJb5fFZi7DxO4YJ6js9Vfh8bVU_SesuqbyJbJoNo82Lh0'),
	(1947929305, 'Viviante', '2020-09-15 18:50:28.420029+00:00', '2020-09-15 18:50:28.420031+00:00', 1000009, ''),
	(1949120356, 'redjelly', '2020-08-22 02:15:02.357351+00:00', '2020-08-22 02:15:02.357352+00:00', 98301735, ''),
	(1976024633, 'Astrael Orannis', '2017-12-09 06:28:19+00:00', '2017-12-09 06:28:19+00:00', 98367024, 'tTjWYyxnHM10XHE-vODmw4XgOFKn8HC9hGiYFxtCCHxzggID3oBPskne2MEMB4dE0'),
	(1981100715, 'Angor Mau', '2020-01-31 14:37:59.163671+00:00', '2020-01-31 14:37:59.163673+00:00', 98199279, 'fA_DiES8Fy-aBsozcDy8VV9yNYaTeSj_XFJ-FlCZbewjt2tBiEFwoUwuN0Ifgwh8'),
	(2010781982, 'Haunterr', '2020-05-15 19:40:13.529736+00:00', '2020-05-15 19:40:13.529738+00:00', 98638747, '7N3-x8WFdRembtZVE_UBkjVcjyHY35eKPFB_31_BAAq0G5cO4kI103kkK1vIMI3D'),
	(2012891178, 'Hun Tra', '2017-06-18 03:21:24+00:00', '2017-06-18 03:21:24+00:00', 98199279, 'Z2OWmGIZVrikfaLYUUm8FoezEUj_oIaSjAOsEqQqnnqcz-LtQz3dmrkPSba3xQ_l0'),
	(2025857059, 'lacal', '2018-05-06 17:41:41+00:00', '2018-05-06 17:41:41+00:00', 98557203, ''),
	(2028708810, 'rycr', '2019-09-03 17:29:34.32326+00:00', '2019-09-03 17:29:34.323262+00:00', 1000111, ''),
	(2050788789, 'Tovanis', '2020-08-15 11:15:12.976124+00:00', '2020-08-15 11:15:12.976126+00:00', 98221538, ''),
	(2112051022, 'Sonic Shey', '2020-09-28 13:50:45.397144+00:00', '2020-09-28 13:50:45.397145+00:00', 1000181, ''),
	(2112051447, 'Helena Boloskarl', '2017-12-31 05:11:03+00:00', '2017-12-31 05:11:03+00:00', 98199279, 'WhYti7H5p8fb-aOPRS8YjbxoW7T7ltInNM9b_FASZSvhb9Xd5dSBw92abOVjBsAI0'),
	(2112121008, 'jamieyokai yokai', '2020-05-24 03:05:52.89441+00:00', '2020-05-24 03:05:52.894413+00:00', 98447592, ''),
	(2112147521, 'Wyran', '2020-05-03 16:05:48.964091+00:00', '2020-05-03 16:05:48.964092+00:00', 98640845, ''),
	(2112206103, 'Sidor Pollard', '2020-03-24 19:32:32.413111+00:00', '2020-03-24 19:32:32.413113+00:00', 98199279, 'd8vTGA7V1J7QqA6IrSGbiTj1NkNq5v7xj81XGu7Iv-QVigWi0gFiJN05e4cZgREk'),
	(2112207297, 'Red Emptori', '2019-09-12 02:03:21.591017+00:00', '2019-09-12 02:03:21.591018+00:00', 98590532, ''),
	(2112244195, 'Saint Horridus', '2019-09-03 17:29:35.65087+00:00', '2019-09-03 17:29:35.650872+00:00', 98559512, ''),
	(2112292740, 'T Sins', '2020-04-09 07:14:22.981666+00:00', '2020-04-09 07:14:22.981669+00:00', 98637610, ''),
	(2112315182, 'HDizzle Onzo', '2019-12-18 12:23:36.782814+00:00', '2019-12-18 12:23:36.782816+00:00', 98199279, 'yBf_ZrCIykiGbfeh5GJGFHgDwk-eRkbeTEhtqVFtGChjUTv7o5o5iyhUwjlG-pV0'),
	(2112395226, 'Crocs Antollare', '2019-11-14 00:43:02.69891+00:00', '2019-11-14 00:43:02.698912+00:00', 1211383288, 'JqE4vmb1ZpteHQfssnCrgUqfs0SL-tNGt_uls0ghJi8juAKo_f8su7usZT_gecai'),
	(2112452914, 'Zola Esilil', '2019-09-12 02:03:22.763022+00:00', '2019-09-12 02:03:22.763023+00:00', 1000049, ''),
	(2112552611, 'HypeRR Moonfire', '2020-09-03 10:14:39.483507+00:00', '2020-09-03 10:14:39.483509+00:00', 1000072, ''),
	(2112558085, 'Dred Roberts', '2020-03-21 17:44:47.334555+00:00', '2020-03-21 17:44:47.334557+00:00', 98199279, 'zdnW2xO2JjLtnf-yvCvhMfoIYXB-Ax61-AcG4dyaif8tbM8_om0ciTI9dMTqnbS0'),
	(2112571005, 'Vitalik Drovosekov', '2020-03-18 20:15:48.059117+00:00', '2020-03-18 20:15:48.059119+00:00', 98514189, 'gxpxJ6QRw0nigkaMUd8Oa7p-q_6yWX6DTgKkR7gR638A91aU4IDKvXcVwG7IjsJn'),
	(2112586626, e'Z\'an Vaelius', '2018-04-25 04:34:27+00:00', '2018-04-25 04:34:27+00:00', 1000001, ''),
	(2112639080, 'Athanase Saissore', '2019-09-03 17:29:37.104624+00:00', '2019-09-03 17:29:37.104626+00:00', 1000107, ''),
	(2112654629, 'Rooster Cogburnn', '2019-09-03 17:29:38.305839+00:00', '2019-09-03 17:29:38.30584+00:00', 1000001, ''),
	(2112715068, 'Balthazaar Severas', '2020-03-12 13:38:09.299151+00:00', '2020-03-12 13:38:09.299154+00:00', 2014367342, ''),
	(2112815889, 'Eman Indra', '2019-09-03 17:29:39.102744+00:00', '2019-09-03 17:29:39.102745+00:00', 1000046, ''),
	(2112999419, 'Wanderere Moonfire', '2019-09-03 17:29:39.50864+00:00', '2019-09-03 17:29:39.508642+00:00', 1000107, ''),
	(2113056233, 'Nelson Dahma', '2020-06-26 13:02:52.640582+00:00', '2020-06-26 13:02:52.640584+00:00', 98316453, ''),
	(2113088705, 'Jane Lecrlerk', '2019-09-03 17:29:40.597541+00:00', '2019-09-03 17:29:40.597542+00:00', 1000107, ''),
	(2113139555, 'Tiax Sora', '2017-11-29 12:09:07+00:00', '2017-11-29 12:09:07+00:00', 98367024, 'cVd9EJKkTaVv2W2TYy6XklNPQjL4kqApKxmbvIxpj0TS1h7c5RfmCQJUZ7TEnznl0'),
	(2113152680, 'Hotprok Kingslayer', '2020-10-07 12:39:16.734837+00:00', '2020-10-07 12:39:16.734838+00:00', 98612309, ''),
	(2113193466, 'Sue Ewe', '2019-12-19 23:34:46.822195+00:00', '2019-12-19 23:34:46.822197+00:00', 98024769, ''),
	(2113240396, 'Xandar Dice', '2018-01-15 14:16:47+00:00', '2018-01-15 14:16:47+00:00', 98367024, ''),
	(2113251171, 'HUNZY 0511', '2019-10-07 21:15:57.61017+00:00', '2019-10-07 21:15:57.610172+00:00', 98199279, 'o3dn70_6a3uldtBDW0O1jc1bzoCyfTXiES2pMkkhD58mkZbrlmzohQZ3gd8mbb3I'),
	(2113296547, 'Citizen Strange', '2020-04-26 14:05:54.211474+00:00', '2020-04-26 14:05:54.211475+00:00', 98199279, '');

INSERT INTO characters (character_id, character_name, inserted_dt, updated_dt, corporation_id, token) VALUES
	(2113316409, 'Sean Araya', '2020-07-16 16:58:50.498661+00:00', '2020-07-16 16:58:50.498663+00:00', 98645935, ''),
	(2113323990, 'Eicho Laroque', '2020-03-09 12:38:13.221134+00:00', '2020-03-09 12:38:13.221137+00:00', 98632586, ''),
	(2113357397, 'Mystic Jim', '2019-09-03 17:29:43.21925+00:00', '2019-09-03 17:29:43.219252+00:00', 1000014, ''),
	(2113425007, 'Gallente Citizen 2113425007', '2019-09-03 17:29:44.966543+00:00', '2019-09-03 17:29:44.966544+00:00', 1000001, ''),
	(2113453702, 'Dot Org', '2019-09-03 17:29:45.5843+00:00', '2019-09-03 17:29:45.584301+00:00', 1000107, ''),
	(2113505990, 'Lena Harttman', '2019-09-03 17:29:45.913673+00:00', '2019-09-03 17:29:45.913674+00:00', 1000014, ''),
	(2113517159, 'The Mad Suenara', '2019-09-03 17:29:46.324262+00:00', '2019-09-03 17:29:46.324264+00:00', 1000114, ''),
	(2113556293, 'Uniquewa', '2020-02-17 02:30:12.101157+00:00', '2020-02-17 02:30:12.101159+00:00', 1211383288, 'Zo5IBIkUmH61jdTID-hMYRZLhXjGws6dLshKZSm_Cbqk21_0iXtexEsH9PhPNy-N'),
	(2113564820, 'Zander Audeles', '2020-07-27 10:56:20.264072+00:00', '2020-07-27 10:56:20.264075+00:00', 98199279, ''),
	(2113570975, 'Willow K', '2020-08-26 02:14:43.748902+00:00', '2020-08-26 02:14:43.748904+00:00', 98655030, ''),
	(2113603400, 'Scorch S', '2019-09-03 17:29:50.372552+00:00', '2019-09-03 17:29:50.372553+00:00', 98422625, ''),
	(2113628201, 'Sagittarius Griffins', '2020-08-31 18:14:59.212407+00:00', '2020-08-31 18:14:59.212408+00:00', 1000006, ''),
	(2113671292, 'Fortuna Favit', '2018-02-14 22:39:45+00:00', '2018-02-14 22:39:45+00:00', 98199279, 'WNlspErbpUa9571YmrKUw8RD5uytcD12_G2spKRTfnPfWlExb775eqHml6BWqYvZ0'),
	(2113674941, 'Sev Gannon', '2020-09-16 21:50:29.244341+00:00', '2020-09-16 21:50:29.244344+00:00', 98199279, ''),
	(2113711704, 'Nathaniel Pearce', '2020-04-02 02:09:36.100805+00:00', '2020-04-02 02:09:36.100807+00:00', 1000111, ''),
	(2113746449, 'Amenti Ankh', '2019-09-03 17:29:52.017862+00:00', '2019-09-03 17:29:52.017863+00:00', 1000114, ''),
	(2113754279, 'Reglius Crendraven', '2019-09-03 17:29:52.445506+00:00', '2019-09-03 17:29:52.445507+00:00', 1000001, ''),
	(2113772899, 'Illarthan Orgunzar', '2020-01-27 18:57:08.549445+00:00', '2020-01-27 18:57:08.549447+00:00', 98388312, ''),
	(2113787666, 'Paula Pierced-Face', '2019-09-03 17:29:53.662146+00:00', '2019-09-03 17:29:53.662147+00:00', 98573257, ''),
	(2113848727, 'Hizir', '2020-01-19 21:22:06.979895+00:00', '2020-01-19 21:22:06.979896+00:00', 98199279, '4cRakGfH0XEzXeD10YC-PNd43gFwqRJuWg28Wo5_qh3FcJcBupYQp8orsxMzbZhm'),
	(2113884413, 'TRUE MINING', '2019-09-03 17:29:54.000376+00:00', '2019-09-03 17:29:54.000378+00:00', 1000001, ''),
	(2113887176, 'CitizenofRiften', '2020-08-23 01:15:30.367689+00:00', '2020-08-23 01:15:30.367691+00:00', 98654085, ''),
	(2113945692, 'Ratbat Batty', '2020-01-19 20:35:05.989746+00:00', '2020-01-19 20:35:05.989747+00:00', 98199279, 'KbN5bVbCCT7hdlklzobWZ2lPFVEj6S51iv-YaxaXCKwbGTaR5AQFpVntkvOKRT4t'),
	(2113978775, 'Nox Floxacin', '2019-09-29 10:47:47.068942+00:00', '2019-09-29 10:47:47.068944+00:00', 1000107, ''),
	(2113996251, 'Garrison Hero', '2019-09-03 17:29:55.722784+00:00', '2019-09-03 17:29:55.722785+00:00', 1000001, ''),
	(2113998893, 'Rubarb Sasperilla', '2019-09-03 17:29:56.23633+00:00', '2019-09-03 17:29:56.236331+00:00', 1000009, ''),
	(2114002534, 'Veyren Niniel', '2018-04-25 20:50:44+00:00', '2018-04-25 20:50:44+00:00', 1000172, 'aFOB3KAA255OYP42ASBcnlYHKwmz1FrsMN-bumFyeqDdQRyx74iDspBCIAJOY1tl0'),
	(2114008705, 'Maddie Tranty', '2018-04-17 04:21:33+00:00', '2018-04-17 04:21:33+00:00', 1608628609, 'QWjc3iSapsYexzO3Nguoy147_-jmxLo9zZdqTnl-QqRkFC9uIu2kkELkSBEoFQX40'),
	(2114011492, 'Sybil Laraske', '2019-10-30 02:37:39.24459+00:00', '2019-10-30 02:37:39.244593+00:00', 98367024, ''),
	(2114027313, 'Rezvex Valray', '2020-08-12 18:49:35.862044+00:00', '2020-08-12 18:49:35.862046+00:00', 1000046, ''),
	(2114046832, 'Dres Ekanon', '2020-06-14 22:01:00.848481+00:00', '2020-06-14 22:01:00.848484+00:00', 1000114, 'pih5KB1Ya9e8bz1FdNhc9vcN7dwxjZMaDoti8dnoxTjuAtzw0Vajk3egxplMLeoP'),
	(2114050394, 'Legacy Zero', '2020-07-19 01:56:09.283407+00:00', '2020-07-19 01:56:09.283409+00:00', 98603144, ''),
	(2114064598, 'Vesimere Vrinn', '2018-05-14 06:02:12+00:00', '2018-05-14 06:02:12+00:00', 98558051, 'AdA6JE_mzGUOojOr1jyzztZGh67po3UC0aPlk8GL9Sij_fOzWI8SNgPJq3cs0bV_0'),
	(2114065063, 'Tony Aldard', '2019-09-03 17:29:59.048204+00:00', '2019-09-03 17:29:59.048206+00:00', 1000046, ''),
	(2114068053, 'Rhys Andrard', '2020-07-22 10:56:14.579507+00:00', '2020-07-22 10:56:14.579509+00:00', 98491666, ''),
	(2114069407, 'Paulo Rin', '2019-12-20 20:51:51.262826+00:00', '2019-12-20 20:51:51.262829+00:00', 98572627, 'feMzpizO2c2JVT-ABBiK6rLeTsXrxtg-YcHGbtRBSB6erT5M_HQKdxD7G30sLr1w'),
	(2114203466, 'Brrc Flynn', '2019-12-17 08:45:23.592367+00:00', '2019-12-17 08:45:23.592368+00:00', 98572627, 'wy43d2mDphIFIoNLu-1zUYOMAal5xQHgY6btFV2rcHr6zYoZUPEbLc4eBDY9xj0A'),
	(2114265117, 'Agro Charante', '2020-08-22 01:15:12.237958+00:00', '2020-08-22 01:15:12.23796+00:00', 98388312, ''),
	(2114299232, 'Praefectus', '2020-01-29 06:16:17.702475+00:00', '2020-01-29 06:16:17.702476+00:00', 1000172, 'rXety8IOV5jn6XdXOHhOFS9n0WOBFvVbrYMciSJCk09CH-zuIwDyu7nWfnCgI-t2'),
	(2114382429, 'tnull', '2020-09-15 21:49:59.469993+00:00', '2020-09-15 21:49:59.469996+00:00', 1000009, ''),
	(2114385983, 'Lt Ace Buttercup', '2019-12-20 21:24:47.739362+00:00', '2019-12-20 21:24:47.739363+00:00', 98572627, 'mGTyx-_Gcou3K9Z65g2_J6iOdxrupmP0Je8BzPLKm3ZiCJsSD-BMoD53GOQMpIUl'),
	(2114536458, 'jack foraken', '2020-10-07 12:39:24.006875+00:00', '2020-10-07 12:39:24.006878+00:00', 98559111, ''),
	(2114582800, 'Sigmund the Volsung', '2020-05-08 01:05:50.082601+00:00', '2020-05-08 01:05:50.082603+00:00', 1211383288, ''),
	(2114814348, 'Assaulten Battery', '2019-12-20 19:51:58.680727+00:00', '2019-12-20 19:51:58.68073+00:00', 98572627, 'Wn5ORhWOjjKzyjlDBILq1ouKCVjp4eWqtkW2-uAu-VYoHBw36evr-TcIwtw8KgXL'),
	(2114851886, 'Cobalt Foxes', '2020-05-23 21:05:57.156128+00:00', '2020-05-23 21:05:57.156129+00:00', 1000049, ''),
	(2114919043, 'Coment Hashur', '2020-04-04 14:20:42.278843+00:00', '2020-04-04 14:20:42.278844+00:00', 1000080, ''),
	(2115096916, 'Yznuh', '2019-12-09 18:25:19.494214+00:00', '2019-12-09 18:25:19.494215+00:00', 1211383288, 'tzBvgvLKTOiu54qqEDW94-hvr7t_btUvgSojW2R-CsL7KjiGywrJv_YA0MHndVRL'),
	(2115175087, 'Kevin Outfield', '2020-08-29 06:15:45.537296+00:00', '2020-08-29 06:15:45.537298+00:00', 1000006, ''),
	(2115198848, 'Kunka Admiral', '2020-06-27 17:03:05.882468+00:00', '2020-06-27 17:03:05.88247+00:00', 1000107, ''),
	(2115249852, 'Alice Flynn', '2019-10-24 03:38:48.41011+00:00', '2019-10-24 03:38:48.410111+00:00', 1018389948, ''),
	(2115356045, 'Aydan Chelien', '2020-03-04 17:38:16.017008+00:00', '2020-03-04 17:38:16.01701+00:00', 98199279, ''),
	(2115368394, 'Kceron', '2020-05-13 18:12:17.555292+00:00', '2020-05-13 18:12:17.555293+00:00', 98611034, 'OCzjADCMkbY_18h2IHSNwMd_1agP6Wvif__y5kPuxCM-h_1KZKemVIvsmr0oXHG8'),
	(2115420625, 'FaIcon Punch', '2019-12-04 22:53:55.084801+00:00', '2019-12-04 22:53:55.084803+00:00', 98199279, ''),
	(2115420891, 'Coffe 8lack', '2020-08-30 02:15:11.320004+00:00', '2020-08-30 02:15:11.320006+00:00', 1000049, ''),
	(2115485987, 'Chael Raekin', '2020-03-12 07:38:19.851038+00:00', '2020-03-12 07:38:19.851039+00:00', 98199279, ''),
	(2115650680, 'nan Solo', '2020-07-11 02:46:33.945085+00:00', '2020-07-11 02:46:33.945087+00:00', 1000111, ''),
	(2115696125, 'Roman De-Peep', '2020-05-03 15:05:42.509729+00:00', '2020-05-03 15:05:42.509731+00:00', 1000107, ''),
	(2115769514, 'comrade 813', '2020-07-24 15:56:14.650435+00:00', '2020-07-24 15:56:14.650436+00:00', 98612375, ''),
	(2115777821, 'Rafael Elder', '2019-11-09 17:31:47.923682+00:00', '2019-11-09 17:31:47.923683+00:00', 98600138, 'JusSbqra0POQVJ0mRO3-KkUQm7xmbGFboXsXdrz2o3sJf6NPhz3PlcfYed8YKXz9'),
	(2115834063, 'Derek Ottig', '2019-11-05 23:04:47.219771+00:00', '2019-11-05 23:04:47.219773+00:00', 1000170, 'ffRXQc6s2b1KtHahD8M_HWtrA8SAMrkLF4yGkgcGryjktp34YN6-fULfIPoCGBV6'),
	(2115985673, 'Flatline Kasenumi', '2020-03-08 07:38:22.362638+00:00', '2020-03-08 07:38:22.36264+00:00', 98199279, ''),
	(2116075679, 'HiJackBank Cherookee', '2020-06-29 12:46:35.537289+00:00', '2020-06-29 12:46:35.537291+00:00', 1000009, ''),
	(2116112597, 'Tomlin Zateki', '2020-06-28 13:46:32.922482+00:00', '2020-06-28 13:46:32.922483+00:00', 98586987, ''),
	(2116133890, 'Cody McClaren', '2020-02-25 19:11:35.509125+00:00', '2020-02-25 19:11:35.509125+00:00', 98169165, ''),
	(2116142381, 'Siddharth Sahu', '2020-02-08 17:38:45.54815+00:00', '2020-02-08 17:38:45.548152+00:00', 1000165, 'Cugqtzh8ItuPpGtqh3_epEPVf1U1-phK9H4LF5pZPYm7ilXdMKyOb7uzxLQgjb6r'),
	(2116158323, 'Zarh', '2020-04-25 17:05:42.940981+00:00', '2020-04-25 17:05:42.940983+00:00', 1000046, ''),
	(2116179395, 'Kordelle Bernard', '2020-01-19 02:37:57.289947+00:00', '2020-01-19 02:37:57.289948+00:00', 1211383288, 'WaC0zX1VNLTYidX_SRFH5nRJVA4sI4zRJJUsT_a2TiDEXGPc3DV4aQnkwkAdQgjA'),
	(2116261359, 'Exgen Xenos', '2020-02-01 10:49:01.050319+00:00', '2020-02-01 10:49:01.050322+00:00', 1000167, 'Ws-LphAJ3TiL7on98q11Ca7ZDtQd32w91e1fWAzTFV3DNyVDYUz-17wz5SZYoJf7'),
	(2116281476, 'spoopy Koskanaiken', '2020-02-09 11:15:52.993738+00:00', '2020-02-09 11:15:52.993739+00:00', 1000044, 'VHkl7a2a5De7RX474zEv0pB4OMkWM1XJzxBKpjzVRFS2UugfZzssTySAnqXvsact'),
	(2116301003, 'Hooded Injustice', '2020-04-13 20:06:41.987301+00:00', '2020-04-13 20:06:41.987302+00:00', 98483958, ''),
	(2116326022, 'MavericktpgTTV topgun', '2020-07-27 10:56:22.202877+00:00', '2020-07-27 10:56:22.202879+00:00', 1000006, ''),
	(2116348313, 'Yanavola', '2020-09-21 19:50:16.989116+00:00', '2020-09-21 19:50:16.989118+00:00', 1000009, ''),
	(2116372198, 'Alex Aimsworth', '2020-09-01 05:14:59.231224+00:00', '2020-09-01 05:14:59.231227+00:00', 322165777, ''),
	(2116516444, 'Chasokaru Senku', '2020-08-29 06:15:48.236695+00:00', '2020-08-29 06:15:48.236698+00:00', 1000046, ''),
	(2116575620, 'Brudolf Hessler', '2020-04-29 19:45:09.805722+00:00', '2020-04-29 19:45:09.805724+00:00', 98199279, 'KBtoF1d-jlVxk5pY-c4pk5E0EpedyDDctNuuso_8eEMXroDP3ZIw1GgBZcjgOwpC'),
	(2116590675, 'Captain Jason Burke', '2020-08-02 10:34:01.733563+00:00', '2020-08-02 10:34:01.733566+00:00', 1211383288, 'o-1ADpMh03Wcr3IoqjPjZnJFN9Fm_gz8h3ZoN8pKJQRTHzAWXbtaKThqF39l0ffP'),
	(2116633088, 'Jeffree Starr', '2020-09-20 17:50:24.25168+00:00', '2020-09-20 17:50:24.251682+00:00', 1000107, ''),
	(2116635622, 'Monad Synthesis', '2020-08-09 07:49:32.758807+00:00', '2020-08-09 07:49:32.758809+00:00', 1894214152, ''),
	(2116692311, 'John McQuaide', '2020-09-11 19:51:27.332821+00:00', '2020-09-11 19:51:27.332823+00:00', 98388312, ''),
	(2116834253, '2349128 1232478452', '2020-05-09 15:07:53.350039+00:00', '2020-05-09 15:07:53.350041+00:00', 1000107, ''),
	(2116850782, 'Naemira Severasse', '2020-09-20 17:50:24.665097+00:00', '2020-09-20 17:50:24.665099+00:00', 98658029, ''),
	(2116891374, 'Borac Huss-Obunga', '2020-06-12 13:04:03.985857+00:00', '2020-06-12 13:04:03.985859+00:00', 98574873, ''),
	(2116988696, 'Sakura Hayashi', '2020-08-12 07:49:45.93182+00:00', '2020-08-12 07:49:45.931822+00:00', 1018389948, ''),
	(2117065884, 'Cha-Che', '2020-07-15 22:46:37.422305+00:00', '2020-07-15 22:46:37.422308+00:00', 98199279, ''),
	(2117455186, 'Bandersnatch Pumpkinpatch', '2020-09-19 16:50:16.289449+00:00', '2020-09-19 16:50:16.289451+00:00', 98199279, ''),
	(2117644861, 'Kivi Kuolla', '2020-10-05 21:34:50.375969+00:00', '2020-10-05 21:34:50.375972+00:00', 1000170, '9U2ZhB0klV9cNB2l7OJktKsjJYsqcrddeofrGY8_8GMeBOe-gvjpxsMcK-7qN2bH');

INSERT INTO authentication_codes (character_id, authentication_code, is_used) VALUES
	(90056020, '925efb12f427', true),
	(90118200, '7cb0c71e6aa7', false),
	(90217566, '38560776b4f3', true),
	(90231088, 'b5af70814425', true),
	(90292624, '921b329f686e', true),
	(90510281, '7d9e35fb95c0', false),
	(90559011, 'bfac0326336f', true),
	(91021551, '7917734fc0a9', true),
	(91235636, 'ea3751f4c055', true),
	(91290509, '4893783d3705', false),
	(91496552, 'd033b9c1ee24', false),
	(91671775, 'b51d3aa5b37a', true),
	(91918086, 'adb985d14582', true),
	(91939543, '5f37f56ba979', false),
	(92088599, 'f6e6ca0f1433', true),
	(92110320, '29174c80f34f', false),
	(92221306, 'c4d291ea8b27', true),
	(92248620, '70636c2afa3f', true),
	(92315675, 'f2cfa5d28b87', true),
	(92345924, '0f5c50b32023', true),
	(92515935, '6932fa383b14', true),
	(92566896, '3cab9f000813', true),
	(92574496, '390cec92478d', true),
	(92650485, '6d9e1539a4a5', true),
	(92742096, '417a13f90dcf', true),
	(92784631, '879620355cbc', false),
	(92893953, '3074c9881cc2', true),
	(92948959, '42cbba692f2d', true),
	(93059592, '3a8e9744acb8', false),
	(93241206, 'f07e04c40fd1', true),
	(93242586, '63d07bd652b4', true),
	(93277856, '94d764b13cbd', true),
	(93354065, 'f0512339a1f4', false),
	(93390751, '9bde47596b31', false),
	(93487224, '5cdbd3852a21', true),
	(93637808, '584b4d00cb99', false),
	(93660615, '51ab6310b40e', false),
	(93880453, '319cb03d3ef4', true),
	(93958467, 'e60370c4bbff', false),
	(93982466, '09fb8f72aa1b', true),
	(94133693, 'dae9f922af71', true),
	(94195705, '3ec52e299c90', true),
	(94214142, '27dcbb7373f2', false),
	(94218935, 'c6046bbb36b9', true),
	(94239705, 'a96a16143e2b', true),
	(94280097, 'cd2593c0a4ae', true),
	(94699979, '2e56944740bd', true),
	(94760032, '57e4359d41a2', true),
	(94798414, 'ea79a0f96112', true),
	(94894005, 'ab1548c16bab', false),
	(94944217, '21a250eec78b', true),
	(95002546, '6b6b55f5dcf3', true),
	(95336776, '1aa69daa696c', true),
	(95340025, '4ca5087f0ccb', true),
	(95616624, '1d3280396a69', false),
	(95762603, '305436be2698', true),
	(95831391, '6b4bfa98249e', true),
	(95910045, '6b9233cabaa4', true),
	(96006446, '28d999ed99e3', false),
	(96117621, 'e2b06bb489e1', true),
	(96133540, 'ef8f55987e57', true),
	(96206924, '772bfae7e7d7', false),
	(96253691, 'aff774507e73', false),
	(96318629, 'd13d3aa1b1f0', false),
	(96407946, 'a09932c020bc', true),
	(96481537, '6688576b591d', true),
	(96541138, '0fa2857b6a48', true),
	(96597421, 'ed7fba71e016', true),
	(96660035, '232a4987cbc7', true),
	(96691614, 'e8f2fdfc7e40', true),
	(96808458, 'a1c551ef2415', true),
	(96932638, '501e104016da', false),
	(96971944, 'fd02d6d5c3b7', true),
	(97036997, 'ea9f0d696038', false),
	(97066764, 'b0c0604f9b68', false),
	(97073576, 'c2231e8f8336', true),
	(97139844, '2eecc3d9e554', true),
	(107044603, '122bf5824a93', true),
	(115226708, '4c9c3bebe422', true),
	(144512516, 'f51dd4f8486a', false),
	(156357772, '4e9bfb3e7393', true),
	(172043007, 'f1521387f55b', false),
	(172146240, '367ba121b065', false),
	(190909799, 'db2cf2036a65', true),
	(204467911, 'e79821e68e74', true),
	(204754159, 'f658bdd94022', true),
	(231364684, '66cc04873d4f', true),
	(242537709, '52cf5ecc899a', true),
	(249907718, 'd259477b5190', true),
	(275355018, 'bbb6f17b233b', true),
	(291114245, '4ad82b743107', true),
	(298313416, '716e87e68ac5', true),
	(349612851, 'e2e31a46184b', true),
	(416614994, '87424f4db89e', true),
	(436572365, 'ad2bdff1a7b3', true),
	(460481431, 'db220a7b98e0', true),
	(484393809, 'e686a713f3a0', false),
	(495692853, 'ed7caae58126', true),
	(509248129, 'c98ec80ca787', true),
	(542490655, 'c037aa992b36', true);

INSERT INTO authentication_codes (character_id, authentication_code, is_used) VALUES
	(573491066, '0d3f1401fa93', true),
	(584122386, '8c96f8e3b8d9', true),
	(621692398, '7ebcbd1a818e', true),
	(639022098, '66350cf69367', false),
	(673712203, 'afdb63011bab', true),
	(715793276, '5dbe4516ef10', false),
	(723477754, '4302a84bf900', false),
	(752410442, '126cdc1a727c', true),
	(754516770, '886670d71d57', true),
	(822621315, '4dec3c2d9b54', true),
	(882676013, '9e1748f46381', true),
	(890208342, 'ad2eac418004', true),
	(898115249, 'b544fa553f44', false),
	(900103797, 'bd15948f061c', true),
	(919939534, '78d4a1b4adaa', true),
	(977120884, 'a27bed44ec93', true),
	(1032958199, '2a5fe1eb7f22', false),
	(1049734783, '0f06047217e2', true),
	(1058904581, '980a8105bf31', true),
	(1062382244, '5aeff53e38cd', true),
	(1070047610, '7449a0f7e7e0', true),
	(1072780096, 'e33187c3e0d1', true),
	(1097061939, '6644b1dd1603', true),
	(1102258078, '160ef4baad5f', false),
	(1131787487, 'd4046f56c4c6', true),
	(1136086615, '4ccf604c28b4', true),
	(1197650425, '6a0a91cf7504', true),
	(1284909298, 'cf2862485ad3', true),
	(1286843015, '6d37aec44a83', true),
	(1396015663, '2c5354efc71b', false),
	(1402311121, '84f61001c916', false),
	(1405051342, 'fdf9c1d0650d', true),
	(1421591475, '583cb9c8de57', true),
	(1423972365, '4f7a873bd9b0', false),
	(1522931526, '7057e0ecb79a', true),
	(1614734628, '2e93fc85e08e', true),
	(1640072369, '2af784506206', false),
	(1714660765, '852dc8f8c14a', true),
	(1755057940, '805ec1143957', true),
	(1780692465, '643c74848009', true),
	(1795122955, '1c4b7bb396c9', true),
	(1852965925, '888bbd7b97dc', false),
	(1911443749, 'b106f08ed8dd', true),
	(1981100715, '923c4450af41', true),
	(2010781982, '64875faa1af4', true),
	(2050788789, '5250cd356a9f', false),
	(2112051022, '7bfbdb9800e9', true),
	(2112121008, '074da3d37b04', false),
	(2112206103, 'acebef5f9329', true),
	(2112315182, 'cef9a0c47937', true),
	(2112395226, 'd3ebaf980354', true),
	(2112558085, 'c817799a192d', true),
	(2112571005, '2d78fe91f0f0', true),
	(2113152680, 'bbb3c2fff960', true),
	(2113193466, 'b73f3c7f9559', false),
	(2113251171, '1bf20ba58c06', true),
	(2113296547, '5ba0ca76ae6d', true),
	(2113556293, '8c21c06fdd1f', true),
	(2113564820, 'cc4e94ab628e', true),
	(2113674941, '595d2d4e3829', true),
	(2113848727, '8c8bdd969e6d', true),
	(2113887176, '5c1a85cc1986', true),
	(2113945692, 'e0190dfc21b6', true),
	(2114046832, 'd1e1f7c6aeb1', true),
	(2114068053, 'b60f65ce667c', true),
	(2114069407, 'a131132b03a8', true),
	(2114203466, '4a29c221f13f', true),
	(2114265117, '6a602e55dc3a', false),
	(2114299232, '437ea7359100', false),
	(2114382429, 'c2b238a0fb62', true),
	(2114385983, '3de6986158d8', true),
	(2114536458, 'c3c3a898ee68', true),
	(2114582800, '4031361a500d', true),
	(2114814348, '8a4d42d58ab8', true),
	(2114851886, '1785ee4f683d', true),
	(2114919043, 'b94614ba8f3f', true),
	(2115096916, '81daf7c502ea', true),
	(2115175087, '4fbb59b42316', true),
	(2115198848, '31db9e2aad97', false),
	(2115249852, 'ffbc98193ce4', true),
	(2115356045, '2632e1718f0d', true),
	(2115368394, 'bb1c23d27bf0', false),
	(2115420625, 'ecf421280e5c', true),
	(2115420891, 'f95e02575943', true),
	(2115485987, '2226d31b8688', false),
	(2115650680, '146fbb4397c1', false),
	(2115696125, '3553fd1e0096', true),
	(2115769514, '9d22be9b87f8', true),
	(2115777821, 'b804c703d893', false),
	(2115834063, 'e13ffbb95045', false),
	(2115985673, 'e2b644ee454d', true),
	(2116075679, '59ce2d16a33c', true),
	(2116112597, 'd6e27e680def', true),
	(2116133890, '45b53fd177cb', true),
	(2116142381, '9e5068b3f6dc', false),
	(2116158323, 'cd8b4fb067cf', true),
	(2116179395, '7e50efab73a0', true),
	(2116261359, 'bd6255f443f1', false),
	(2116281476, 'f8c3a4220564', true),
	(2116301003, '2c32b4c5a3ec', true);

INSERT INTO authentication_codes (character_id, authentication_code, is_used) VALUES
	(2116326022, '7a5fc1f0336c', false),
	(2116348313, 'f035e5289ef9', true),
	(2116372198, 'b5fbd5ebeff3', false),
	(2116516444, 'ca5e32193c1d', true),
	(2116575620, 'acc44b5c6ff7', true),
	(2116590675, '19bd9e789682', true),
	(2116633088, '898874548182', true),
	(2116635622, 'd08206c68e6b', true),
	(2116692311, 'ee161a7b7a45', true),
	(2116834253, '5f77f8b14291', false),
	(2116850782, '20a365147cac', true),
	(2116891374, '221dfda5b29a', true),
	(2116988696, '90ab35ba5e73', true),
	(2117065884, 'ef5878ef52c7', false),
	(2117455186, '9f500b8459c5', true),
	(2117644861, 'ffe01834d649', true);

INSERT INTO users (user_id, chat_id) VALUES
	(1, '151866820247289856'),
	(2, '178013376197165057'),
	(3, '244452853157068810'),
	(4, '293237233945673731'),
	(5, '161630754516762624'),
	(6, '190727551801491456'),
	(7, '191393822951866368'),
	(8, '99506425247584256'),
	(9, '222524411629010945'),
	(10, '183856818160664576'),
	(11, '283079671405477888'),
	(12, '68801567083462656'),
	(13, '222107818918936576'),
	(14, '223217398029877249'),
	(15, '317761132435865611'),
	(16, '203246853058330625'),
	(17, '192704882296356864'),
	(18, '282934144537853963'),
	(19, '246988595636862976'),
	(20, '319300963640934401'),
	(21, '246880435701809154'),
	(22, '246845980618653696'),
	(23, '168638593491795981'),
	(24, '380832164549492747'),
	(25, '134419772795387904'),
	(26, '246845617274486784'),
	(27, '129437166118895616'),
	(28, '235463564603686912'),
	(29, '171779363023355905'),
	(30, '246848334965374977'),
	(31, '227753377625276417'),
	(32, '256682435708846080'),
	(33, '90584946296492032'),
	(34, '260951033906331659'),
	(35, '246964071574798346'),
	(36, '150469676718096387'),
	(37, '210117912281743360'),
	(38, '119306755460169728'),
	(39, '98155488444690432'),
	(40, '142745086122262528'),
	(41, '246845936054173696'),
	(42, '83991304287064064'),
	(43, '385906074999324675'),
	(44, '141935809770160128'),
	(45, '264912882842468363'),
	(46, '231883683328557058'),
	(47, '391573112698699777'),
	(48, '275880165643649035'),
	(49, '66434396776837120'),
	(50, '161405858335424514'),
	(51, '139155819559256064'),
	(52, '246917719201546240'),
	(53, '239838768515776512'),
	(54, '151918766337425408'),
	(55, '373726778646069250'),
	(56, '246860606995562496'),
	(57, '160883107845636096'),
	(58, '277229642115448832'),
	(59, '252658436494458880'),
	(60, '240620495345549332'),
	(61, '158321497302106112'),
	(62, '232042878120099840'),
	(63, '181862785284571136'),
	(64, '177454295527063552'),
	(65, '396812795561115658'),
	(66, '396817594759380992'),
	(67, '396823270399279105'),
	(68, '232848993284128768'),
	(69, '293433933981286403'),
	(70, '183556482195783681'),
	(71, '160726854561562624'),
	(72, '93402592398290944'),
	(73, '246905960218624000'),
	(74, '396911861137932291'),
	(75, '128657377753956352'),
	(76, '195616781287686144'),
	(77, '162981819074084864'),
	(78, '396987343656976395'),
	(79, '176416918142582795'),
	(80, '149639526338265088'),
	(81, '225423796784332801'),
	(82, '397086183512866816'),
	(83, '102672551179730944'),
	(84, '396500226778595328'),
	(85, '169278877108142081'),
	(86, '259321599482658816'),
	(87, '150407336903704577'),
	(88, '135212471626498048'),
	(89, '179350768468361216'),
	(90, '281938746104872970'),
	(91, '389768462500626442'),
	(92, '372925233536958484'),
	(93, '316019259387936769'),
	(94, '156762744979324928'),
	(95, '116350175475269637'),
	(96, '398680686548090884'),
	(97, '396765857096663040'),
	(98, '221026823083917312'),
	(99, '398940921367887885'),
	(100, '319324912747544578');

INSERT INTO users (user_id, chat_id) VALUES
	(101, '114555191214342151'),
	(102, '382989165605814273'),
	(103, '229361874058084362'),
	(104, '246844998358663169'),
	(105, '294681273740427264'),
	(106, '215434413092241408'),
	(107, '311405442284781568'),
	(108, '98631397618499584'),
	(109, '188462681009815552'),
	(110, '298171382334881792'),
	(111, '275447365358452739'),
	(112, '402016721516625920'),
	(113, '242304628438335488'),
	(114, '171377525434482698'),
	(115, '397087584305545230'),
	(116, '402946061145997312'),
	(117, '402982405394268161'),
	(118, '109946453987741696'),
	(119, '274657631359074305'),
	(120, '216264077490520064'),
	(121, '250890180821647370'),
	(122, '261855321473941504'),
	(123, '269405530328530945'),
	(124, '159299033167298562'),
	(125, '117773909331279879'),
	(126, '230131169998536706'),
	(127, '292623930202783744'),
	(128, '307517761762885635'),
	(129, '376112731478163466'),
	(130, '218906727263895552'),
	(131, '155537342445256704'),
	(132, '264149420847661056'),
	(133, '232281176323260416'),
	(134, '231890761044459524'),
	(135, '165419683103768576'),
	(136, '170858444558041088'),
	(137, '389494262053732353'),
	(138, '404622941481861131'),
	(139, '268446948397285376'),
	(140, '225572914060066816'),
	(141, '186199681821310976'),
	(142, '141673178375258112'),
	(143, '409229714914410498'),
	(144, '216298787096756224'),
	(145, '315848920368545793'),
	(146, '165014735920562176'),
	(147, '192480240210149377'),
	(148, '310864817194008577'),
	(149, '178941955328311296'),
	(150, '405636331394564096'),
	(151, '144590214541737984'),
	(152, '412350824988016640'),
	(153, '412782704308781076'),
	(154, '137379362700787713'),
	(155, '155500002746171392'),
	(156, '414768225264336901'),
	(157, '179388853537341440'),
	(158, '176584627991871488'),
	(159, '175706124526419968'),
	(160, '155939147570216960'),
	(161, '246445768083374091'),
	(162, '253012912979836928'),
	(163, '291569908670791682'),
	(164, '219864424008253440'),
	(165, '356771998191452161'),
	(166, '323073717380841483'),
	(167, '255265948183822336'),
	(168, '240795466697146369'),
	(169, '420707127078682645'),
	(170, '372877844482752513'),
	(171, '421344144212885516'),
	(172, '340890851775479811'),
	(173, '334846577510449163'),
	(174, '243434715237842944'),
	(175, '224626141078618112'),
	(176, '185651673564315648'),
	(177, '423283260043296781'),
	(178, '257271000054366208'),
	(179, '424756007311376395'),
	(180, '199666022146506752'),
	(181, '265891007818629121'),
	(182, '406209673327411201'),
	(183, '235627691947196417'),
	(184, '256253568108068866'),
	(185, '168245284785225728'),
	(186, '329722295662805003'),
	(187, '239605326645559296'),
	(188, '222285145749585920'),
	(189, '421101663466553345'),
	(190, '139319264892026880'),
	(191, '368524277743484928'),
	(192, '376724782558871554'),
	(193, '429231469211418624'),
	(194, '409653140070203402'),
	(195, '62116889362436096'),
	(196, '396526694246383628'),
	(197, '126519704901779456'),
	(198, '214407571115606018'),
	(199, '231249202175279115'),
	(200, '134862040710774785');

INSERT INTO users (user_id, chat_id) VALUES
	(201, '433936847979413504'),
	(202, '435175752464334848'),
	(203, '435170553041780736'),
	(204, '251441688810225664'),
	(205, '309818449184555008'),
	(206, '144174817245921281'),
	(207, '129163679836012545'),
	(208, '252278110249156618'),
	(209, '227544825019236352'),
	(210, '75973910989897728'),
	(211, '153511574026452993'),
	(212, '84267691531079680'),
	(213, '164605408072171520'),
	(214, '199648901580455936'),
	(215, '292818989745438720'),
	(216, '110957944157278208'),
	(217, '137982873092227073'),
	(218, '267699730467913728'),
	(219, '284130579929366529'),
	(220, '311322111216189440'),
	(221, '439874803227426826'),
	(222, '156131390440734721'),
	(223, '256976080706076673'),
	(224, '84010224981118976'),
	(225, '133702618156498945'),
	(226, '239271366610780161'),
	(227, '364483866158694410'),
	(228, '295414394022526976'),
	(229, '239727581199335425'),
	(230, '398952961218314243'),
	(231, '352478591486918657'),
	(232, '177238313390833664'),
	(233, '265493685549006848'),
	(234, '222117406238048256'),
	(235, '358697061979258880'),
	(236, '251715960396972035'),
	(237, '199478908435824640'),
	(238, '99549007688273920'),
	(239, '237136092380266498'),
	(240, '103829522503176192'),
	(241, '476101226635853834'),
	(242, '388062232803672065'),
	(243, '568647176335654915'),
	(244, '373417219159228428'),
	(245, '563726729810804746'),
	(246, '314501960675885058'),
	(247, '161574835846119425'),
	(248, '198806292486160384'),
	(249, '127928245445328896'),
	(250, '562711230729682985'),
	(251, '222143090209718273'),
	(252, '353032191313182720'),
	(253, '197355214746025984'),
	(254, '266961760014172160'),
	(255, '618543714209366026'),
	(256, '286634104181489665'),
	(257, '210595504516628482'),
	(258, '267546079027789824'),
	(259, '144195076577296384'),
	(260, '213087624573747201'),
	(261, '225089112628002818'),
	(262, '278704137925951488'),
	(263, '274763409822580737'),
	(264, '455902924367724544'),
	(265, '191519245501333505'),
	(266, '155401318708674560'),
	(267, '144231535594176513'),
	(268, '168553408008159234'),
	(269, '322010743874519040'),
	(270, '274632685530644482'),
	(271, '333476736551354379'),
	(272, '447783371418894348'),
	(273, '439861683486195713'),
	(274, '264821557598224385'),
	(275, '252125685961719808'),
	(276, '318433177440092182'),
	(277, '368812685565100054'),
	(278, '670323554356822067'),
	(279, '134323793886838784'),
	(280, '343571436532924417'),
	(281, '471738408251949057'),
	(282, '481340279111155712'),
	(283, '250017657145786368'),
	(284, '177189096643493888'),
	(285, '381894318664974339'),
	(286, '305038129654530049'),
	(287, '392828313430786049'),
	(288, '597980445141106689'),
	(289, '308654188370460711'),
	(290, '371358080014876672'),
	(291, '155582323134300160'),
	(292, '183695161665126400'),
	(293, '669275422537809949'),
	(294, '576489529314115607'),
	(295, '607613849184501791'),
	(296, '676102307598958594'),
	(297, '262072471019061259'),
	(298, '221502609901486084'),
	(299, '190521536376078336'),
	(300, '206909503130566656');

INSERT INTO users (user_id, chat_id) VALUES
	(301, '101560139970019328'),
	(302, '184355381747646464'),
	(303, '570396929134034955'),
	(304, '267068704641122305'),
	(305, '131805606041485312'),
	(306, '661739243332435978'),
	(307, '363462177278918666'),
	(308, '116340463291727879'),
	(309, '283728891607253003'),
	(310, '132817998812676096'),
	(311, '263551350657384449'),
	(312, '138099149613694976'),
	(313, '593200966510051359'),
	(314, '535605255245791284'),
	(315, '256245394080661505'),
	(316, '426686106629701632'),
	(317, '224523966193205249'),
	(318, '97911415389573120'),
	(319, '544403744343982086'),
	(320, '294494039498162177'),
	(321, '317650584801116160'),
	(322, '183334281941221377'),
	(323, '320352539214348289'),
	(324, '600336902167724054'),
	(325, '408845240049598464'),
	(326, '226402333737746433'),
	(327, '224374315007737867'),
	(328, '354437646631829515'),
	(329, '279854074856210433'),
	(330, '328224427105845248'),
	(331, '209544298780164097'),
	(332, '696019598239203388'),
	(333, '697525460103331880'),
	(334, '134334799258058752'),
	(335, '434720796137488405'),
	(336, '145683929205047296'),
	(337, '357269254611009547'),
	(338, '173011063640424448'),
	(339, '262231005157523456'),
	(340, '161339462645841920'),
	(341, '402185810675499010'),
	(342, '704416365393739798'),
	(343, '217385297120460801'),
	(344, '350227857361993748'),
	(345, '88951715503562752'),
	(346, '135894679559340034'),
	(347, '199618042706001920'),
	(348, '419496108020989952'),
	(349, '250306039570759690'),
	(350, '155432270809923595'),
	(351, '180303072692535307'),
	(352, '217444782027309056'),
	(353, '721134531217850398'),
	(354, '150474459889926144'),
	(355, '108033811572330496'),
	(356, '324690190981529601'),
	(357, '721746136401969152'),
	(358, '389776770225799170'),
	(359, '249902602970595329'),
	(360, '208706682040221697'),
	(361, '402558336509280287'),
	(362, '733791068977496154'),
	(363, '727989208614043750'),
	(364, '259844747718295552'),
	(365, '405539304434040842'),
	(366, '692835468429099038'),
	(367, '596981786962165780'),
	(368, '740262918267994222'),
	(369, '187181148047278081'),
	(370, '739159747877666916'),
	(371, '183659287942397952'),
	(372, '222112011075452928'),
	(373, '150556204526075907'),
	(374, '519242887108493315'),
	(375, '273619517593354240'),
	(376, '294591551521423361'),
	(377, '253900627262963712'),
	(378, '734074500441833502'),
	(379, '99660967574532096');

INSERT INTO user_character_map (user_id, character_id) VALUES
	(1, 93090497),
	(1, 93209628),
	(1, 93461829),
	(1, 161499579),
	(2, 94630813),
	(3, 91345662),
	(3, 92532428),
	(4, 92650485),
	(4, 93241206),
	(5, 95083177),
	(6, 93885451),
	(7, 94339913),
	(8, 92907600),
	(9, 90510281),
	(9, 93277856),
	(9, 509248129),
	(11, 93880453),
	(12, 2012891178),
	(13, 92784631),
	(13, 95340025),
	(14, 91376372),
	(15, 2112452914),
	(16, 224846390),
	(17, 216517242),
	(18, 204404862),
	(19, 92117929),
	(20, 90686470),
	(21, 90222257),
	(22, 92639364),
	(23, 94594623),
	(24, 2112244195),
	(25, 93666512),
	(26, 1677436305),
	(27, 1063109673),
	(28, 639876113),
	(29, 94032153),
	(30, 94486267),
	(31, 595984478),
	(32, 94808545),
	(33, 93672629),
	(34, 96975086),
	(35, 96035849),
	(36, 90527543),
	(37, 2113139555),
	(38, 96617903),
	(39, 96381562),
	(40, 1976024633),
	(41, 783407242),
	(42, 416614994),
	(43, 95211775),
	(44, 96566500),
	(45, 2112147521),
	(46, 96313665),
	(47, 95780112),
	(48, 90353226),
	(49, 94423515),
	(49, 94717426),
	(50, 94716947),
	(50, 95200608),
	(51, 94565859),
	(52, 92639027),
	(53, 879547195),
	(54, 97226073),
	(55, 1476720989),
	(56, 95166632),
	(57, 96132586),
	(58, 870990656),
	(59, 92813176),
	(60, 1303173120),
	(60, 1760287586),
	(61, 93059592),
	(61, 172043007),
	(62, 91671775),
	(63, 97244802),
	(64, 93468510),
	(65, 484393809),
	(66, 2112051447),
	(67, 94094084),
	(68, 94944217),
	(69, 695815974),
	(70, 92444174),
	(70, 93055719),
	(71, 96174390),
	(72, 542490655),
	(73, 93332191),
	(74, 2113240396),
	(75, 96808458),
	(76, 92777234),
	(77, 2113603400),
	(78, 756294844),
	(79, 187220470),
	(80, 604113547),
	(81, 245073304),
	(82, 95058518),
	(83, 92207531),
	(84, 96099611),
	(85, 93125543),
	(86, 92780438),
	(87, 96042373),
	(88, 1003289427);

INSERT INTO user_character_map (user_id, character_id) VALUES
	(89, 96611138),
	(90, 91094943),
	(91, 94404138),
	(92, 1499155271),
	(93, 93532586),
	(94, 139803091),
	(95, 90291902),
	(95, 94032153),
	(96, 1949120356),
	(97, 96090951),
	(98, 95529291),
	(99, 307932200),
	(100, 2112292740),
	(101, 95367698),
	(102, 92248620),
	(103, 94079722),
	(104, 1431226827),
	(105, 1560787999),
	(106, 95844707),
	(107, 2112815889),
	(108, 95599585),
	(109, 94925912),
	(110, 95541642),
	(111, 97182925),
	(112, 91288592),
	(113, 709614706),
	(114, 140394938),
	(115, 94368297),
	(115, 2112395226),
	(116, 604079872),
	(117, 95485171),
	(118, 94791058),
	(119, 95363598),
	(120, 91425517),
	(121, 96381645),
	(122, 2112552611),
	(123, 1127613567),
	(124, 92742236),
	(125, 712168670),
	(126, 91671606),
	(127, 91995867),
	(127, 93637808),
	(127, 94798414),
	(128, 95876157),
	(129, 2113711704),
	(130, 1626203198),
	(131, 95921112),
	(132, 1254907488),
	(133, 91992281),
	(133, 382035642),
	(134, 96206020),
	(135, 2112207297),
	(136, 96593121),
	(137, 277324054),
	(138, 94169110),
	(139, 92798117),
	(140, 611084221),
	(141, 2113754279),
	(142, 94950415),
	(143, 558999710),
	(144, 581269197),
	(145, 2112586626),
	(146, 91861262),
	(147, 93896684),
	(148, 315363291),
	(149, 96904941),
	(150, 374043456),
	(151, 91413811),
	(152, 96336117),
	(153, 91851509),
	(154, 95222114),
	(155, 90643216),
	(156, 96904941),
	(157, 2112715068),
	(158, 2113453702),
	(159, 90467223),
	(160, 199498210),
	(161, 94754035),
	(162, 96362650),
	(163, 93424127),
	(164, 95091370),
	(165, 93579916),
	(166, 1947929305),
	(167, 92559063),
	(168, 97066764),
	(169, 1944236199),
	(170, 94262147),
	(171, 579857965),
	(172, 1249524383),
	(173, 351218575),
	(174, 95750205),
	(175, 96095282),
	(176, 95764704),
	(177, 2113884413),
	(178, 2112999419),
	(179, 90974043),
	(180, 2113628201),
	(181, 96821099),
	(182, 2113787666),
	(183, 95652770);

INSERT INTO user_character_map (user_id, character_id) VALUES
	(184, 1752319714),
	(185, 95445012),
	(186, 90543423),
	(187, 93011089),
	(188, 93121999),
	(189, 660253374),
	(190, 95040147),
	(191, 2113570975),
	(192, 422517321),
	(193, 93852541),
	(194, 1396015663),
	(195, 2113978775),
	(196, 248677328),
	(197, 90557081),
	(198, 2113517159),
	(199, 1564073956),
	(200, 1110275439),
	(201, 91804273),
	(202, 2113998893),
	(203, 1419035480),
	(204, 1447318926),
	(205, 409891337),
	(206, 94491641),
	(207, 587794656),
	(208, 2113316409),
	(209, 2114011492),
	(210, 890266779),
	(211, 2025857059),
	(212, 96862927),
	(213, 95629521),
	(214, 1147312968),
	(215, 2113746449),
	(216, 2112654629),
	(217, 190925406),
	(218, 2114027313),
	(219, 92839173),
	(220, 608237436),
	(220, 1183323256),
	(221, 2114050394),
	(222, 409416169),
	(223, 1363236736),
	(224, 774599234),
	(225, 2113323990),
	(226, 2114065063),
	(227, 796708635),
	(227, 1072780096),
	(228, 2113996251),
	(229, 2113772899),
	(230, 95190225),
	(231, 93466832),
	(232, 2113357397),
	(233, 95955817),
	(234, 92345924),
	(234, 94195705),
	(234, 94239705),
	(235, 2028708810),
	(236, 91753109),
	(237, 231364684),
	(238, 2050788789),
	(239, 2115249852),
	(240, 95762603),
	(241, 2113251171),
	(241, 2115096916),
	(242, 2114068053),
	(243, 93390751),
	(244, 1421591475),
	(245, 2115420891),
	(246, 291114245),
	(246, 919939534),
	(247, 460481431),
	(248, 91918086),
	(249, 93487224),
	(250, 573491066),
	(250, 621692398),
	(250, 900103797),
	(251, 92515935),
	(251, 92948959),
	(252, 2113887176),
	(253, 2115696125),
	(254, 1062382244),
	(255, 2115420625),
	(256, 2115769514),
	(257, 1058904581),
	(258, 2114203466),
	(259, 92110320),
	(260, 2112315182),
	(261, 92315675),
	(262, 92315675),
	(263, 1197650425),
	(264, 2114814348),
	(265, 2114069407),
	(266, 1714660765),
	(267, 2114385983),
	(268, 95910045),
	(269, 1131787487),
	(270, 96971944),
	(271, 2116179395),
	(272, 977120884),
	(273, 2113945692),
	(274, 2113848727);

INSERT INTO user_character_map (user_id, character_id) VALUES
	(275, 96481537),
	(276, 1102258078),
	(277, 107044603),
	(278, 2116158323),
	(279, 752410442),
	(280, 1405051342),
	(281, 1981100715),
	(282, 1070047610),
	(283, 95002546),
	(283, 2113556293),
	(284, 1136086615),
	(285, 190909799),
	(286, 93982466),
	(287, 2116133890),
	(288, 2116281476),
	(289, 115226708),
	(289, 1097061939),
	(290, 890208342),
	(291, 1522931526),
	(292, 2116075679),
	(293, 1755057940),
	(294, 242537709),
	(294, 1795122955),
	(295, 2115485987),
	(296, 2116301003),
	(297, 2116112597),
	(298, 1286843015),
	(299, 97139844),
	(300, 1032958199),
	(301, 91235636),
	(302, 822621315),
	(303, 754516770),
	(304, 96541138),
	(305, 298313416),
	(306, 2112051022),
	(307, 2116348313),
	(308, 91939543),
	(309, 2115356045),
	(310, 2115985673),
	(311, 2114851886),
	(312, 94760032),
	(313, 349612851),
	(314, 90118200),
	(315, 2112571005),
	(316, 90056020),
	(317, 96597421),
	(318, 96117621),
	(318, 2112558085),
	(318, 2114582800),
	(319, 2112206103),
	(320, 2116516444),
	(321, 96660035),
	(322, 91021551),
	(323, 1284909298),
	(324, 2114536458),
	(325, 94133693),
	(326, 1911443749),
	(327, 1780692465),
	(328, 2114919043),
	(329, 90559011),
	(330, 495692853),
	(331, 2113152680),
	(332, 584122386),
	(333, 93242586),
	(334, 92221306),
	(335, 156357772),
	(336, 94699979),
	(337, 96407946),
	(338, 2116633088),
	(339, 2116575620),
	(340, 2113296547),
	(341, 2010781982),
	(342, 90292624),
	(343, 204754159),
	(344, 2116891374),
	(345, 1614734628),
	(346, 95336776),
	(347, 2115175087),
	(348, 436572365),
	(349, 92088599),
	(350, 96133540),
	(351, 95831391),
	(352, 92566896),
	(353, 2116988696),
	(354, 2114382429),
	(355, 2114046832),
	(356, 249907718),
	(357, 275355018),
	(358, 96691614),
	(359, 97073576),
	(360, 92742096),
	(361, 2117065884),
	(362, 92893953),
	(363, 90231088),
	(364, 2116635622),
	(365, 2113564820),
	(366, 90217566),
	(367, 2116850782),
	(368, 92574496),
	(369, 204467911);

INSERT INTO user_character_map (user_id, character_id) VALUES
	(370, 2116590675),
	(371, 1049734783),
	(372, 94218935),
	(373, 94280097),
	(374, 2116692311),
	(375, 673712203),
	(376, 2113674941),
	(377, 2117455186),
	(378, 882676013),
	(379, 2117644861);
